movie_name,review_id,rating,review_text,review_length,source_url
Whiplash,1,,"I don't say that often, in fact...never. There aren't enough superlatives to describe the amazingness of Whiplash. Damien Chazelle crafted not just a tense dramatic piece of cinema, but a thematic experience with layered subtext. Andrew is a college student who simply wants to be the best drummer. Terence Fletcher, a renowned teacher at said college, sees potential in Andrew and chooses him to be the drummer in his band, at the expense of emotional distress. This is a brutal character study, absolutely savage. This is about Fletcher as much as it is about Andrew. The psychological battle and the consequential emotional turmoil that follows. I've never been so compelled in a drama ever (and this is my 5th viewing). The strive for perfection amidst the continuous passion that elevates Andrew as a person and how Fletcher uses his passion in attempt to obtain the perfect musician that Andrew hopes to be. The struggle for perfection is difficult in any profession, there is no right or wrong way to achieve this; the question is: ""is there a line between gently pushing someone towards a goal or inflicting emotional torture upon them?"". Fletcher leans towards the latter, so much so that he actually imposes physical damage to Andrew to test whether he will be discouraged from the harsh reality of perfection or not. The internal struggle in Andrew is excellently conveyed, you can see his passion seeping through the blood, sweat and tears and yet mentally unable to cope with Fletcher's methods. A simple story, but executed with such ferocity and intelligence that it just feels fresh. Damien Chazelle directed the heck out of this. Quick cuts between the musical instruments and nice long takes of Miles Teller and J.K Simmons duelling in anger. Speaking on Simmons, the best performance I've seen in years. Both complicated and terrifying simultaneously, he deserved every award. Teller was near perfect as well, conveying innocence and vulnerability. Look, I can talk about Whiplash forever. It's a masterpiece. End of review.",2043,https://www.imdb.com/title/tt2582802/reviews/
Whiplash,2,10.0,"Taking the festival circuit by storm since its Sundance premiere in January, Whiplash is starting to feel like the underdog that could go far with its crowd-pleasing intensity. On the surface, it's a gritty story about a brutal student-mentor relationship that oversteps boundaries. Underneath, it's a piercing examination of the psyche of unbridled ambition. Whiplash is a film that stops at nothing. As a result, it's the best film I've seen in years, and I say that without hesitation. This is a film that resonates on every single level and every moment counts. If writer/director Damien Chazelle was striving for greatness as much as his protagonist, then he has achieved it.

Miles Teller, who's been steadily growing on me since The Spectacular Now, stars as Andrew Neyman, a 19-year-old aspiring jazz drummer who's pushed and inspired by the abuse and aspirations of his school band leader Fletcher, played by the ferocious J.K. Simmons like we've never seen him before. Chazelle has described the film as an origin story to the jazz musicians of the golden age, and it thrives on the myths of jazz heroes such as Charlie Parker. They're urgently looking for the next Parker, in search of perfection. But with that comes a great irony. The music genre is known as one for freedom of expression but here the jazz is soulless and mechanical, and that clouds the ethical judgment of the characters. Even so, Fletcher is a man who can tell if you have the right tempo within a bar. Although most of the audience for the film may not know much about music including myself, you get a feel for what he's looking for and when someone's wrong even if you don't know why. Simmons is as good as they say he is. He's a force of nature, with a terrifying presence that incites the fear Bryan Cranston achieved with the peak of his Walter White. But it's not a one-note performance. Simmons is still subversive with moments of weakness, insecurity, approachability, and he also sometimes brings in the lightness he's known for in other roles with Jason Reitman, exec producer here.

Even though he's an unlikeable character with nothing nice to say, he's still somewhat endearing and enigmatic, much like R. Lee Ermey's drill sergeant in Full Metal Jacket. This demasculinisation through a barrage of insults is a theme explored in Whiplash and it argues whether it's a crime or an 'ends justifying the means' factor of life. It's not just a music film, but also one that adapts to the elements of sports training, war at boot camp and biopic genres with the way it frames its elements. Fletcher is representative of the devil on our shoulders that yells at us that we're not good enough and that symbolic idea resonates deeply for me. His poisonous words are more a part of Andrew's psyche than legitimate coaching techniques. What grabs me about the film is its discussion on artistic perfection, and especially in these intimate and rough sequences of practicing. What is objectively great in art? When is it good enough, and why? It toes a fascinating line. That's why drumming is such an interesting choice for the film to explore because it's so instinctive. Drummers have to make decisions within a fraction of a second and talent can only take you so far. The roaring beat in Whiplash puts your heart in your throat. Teller's performance as Andrew is terrific, one to match Simmons.

Chazelle is committed on expressing the physicality of drumming and Teller captures it exhaustively without feeling contrived. It's the virtuosity of the writing that allows us into Andrew's head however. It's a long road to the top, but the script makes the right decision to allow him to revel in the little moments of success, but then to immediately test him in surprising and involving ways. Each turn of the story shapes his expectations and ambitions and then escalates it to the right point. While the film is a gripping experience nonetheless, in retrospect perhaps it is too bitingly cynical. It does suggest that you have to be deprived of a meaningful relationship to achieve your goals. It does appear to be very anti-positive reinforcement, but perhaps it's merely a statement on the abundant sheltering that the latest generation is enduring. Whiplash is refreshing to see, we all know we wouldn't be resilient enough to take that kind of punishment so it's cathartic to watch Andrew go through it all and see how far he'll go. His frustration, regrets, fear and rage with himself cuts to the core of the human condition as he's pushed further and further.

The technical aspects of the film help it become so stimulating with dizzying closeups tightly edited together and its the stark orange tinted cinematography. It's thoroughly impressive that the film was shot in only 19 days for them to get shots so immaculately timed and performed with all those complicated movements. There's a refreshing brevity to the film with its sharp atmosphere, but it's so rich in emotion, psychological tension and personal subtext. It neither rushes nor drags, on paper nor on screen. It really is a film that lingers in your mind for days, nagging you, like Fletcher over your shoulder. Maybe it'll continue to linger for weeks. I hope so too, especially for Oscar voters. It seems that J.K. Simmons is building momentum to be a lock for Best Supporting Actor at this point. However, Whiplash isn't just a best of year film, nor best of decade. It approaches best of all-time worthy with its identifiable themes of meticulous work ethics, fulfilling aspirations, resilience of the soul, and knowing when to no longer measure yourself to your mentor. I'll take this film with me for a while as a screaming motivator.

10/10. Best film of the decade.

Read more @ The Awards Circuit (http://www.awardscircuit.com/)",5803,https://www.imdb.com/title/tt2582802/reviews/
Whiplash,3,,"This movie was far better than the trailer made it look.

JK Simmons gave a stellar performance as a music teacher in the best Jazz school, trying desperately to find and develop the next jazz legend. From the moment he appears he demands the screen, literately. There's a part in the flick were he just burst open the door putting a halt on whatever is going, and makes it all about what he wants, which sets the tone for the entire movie. One of the best antagonist I've seen at the movies.

Miles Teller plays the protagonist, A first year Jazz student who wants to be the next Jazz legend and is willing to go through the pain needed to become just that. I've been a fan of Miles Teller for a while and this movie just increase my fandom

It does not matter whether you are into jazz or not, this flick is about and boy willing to kill himself to become the best and the man willing to kill the boy so he can be the best. For anyone who has ever been in that kind of pressure, weather it be at college or on the playing field(I kid you not, watching these guys play Jazz played out like I was watching a Football movie with Miles being the Quarterback and JK being the coach)

It was an emotion trill ride with a lot of ups and downs, and just when you think the ride is over, we go for a second time around.

Excellence!!",1326,https://www.imdb.com/title/tt2582802/reviews/
Whiplash,4,9.0,"After seeing Damien Chazelle's Whiplash - a film the young up-and- coming director wished to do for some time now - being so beautifully realized and brought to life by everyone involved in the project, I was glad and relieved, mainly because I have seen the short film, which was pretty incredible.

I believe that among the most telling facts about a film's fortunes and qualities, is the ability to broaden it's public, but in the same time not forgetting that cinema is not all about commercial success and mass audiences.Or with other words - a film that is not just eye candy and booms and explosions, but also craft, soul, dedication and wits.

Those are some of the things not only the film itself possesses, but the people behind it have in abundance as well.

The upcoming Miles Teller plays the young and dedicated student Andrew Nieman, who has the drive, the ambition to succeed and to be great, which is fine, as long as it doesn't derail your personal life.A lesson the young drummer learns the hard way.

Blind ambition is the thing, that can describe our anti-hero of sorts, Terrence Fletcher a.k.a the brilliant J.K. Simmons, who has a thing for mindeffin' his students to the point of total physical and mental exhaustion and even depression.But he does it for a reason, for the sole purpose of finding the next big, even great, thing in jazz and in music as a whole.The next prodigy, the next ""Yardbird"" Charlie Parker that will be otherwise lost, if not being pushed to the very limit.

And boy, does J.K. Simmons nails it.Chazelle has done a masterful job in casting the two leads in Teller and Simmons.Their respective acts are full of purpose, full of tension and ultimately terrific.

Expect some awards going in the way of ""Whiplash"" and look out for Simmons in the Oscars shortlist, that's how good he is in it.And in his own words: ""What a shame we wrapped it up in only 19 days"".It must have been really fun playing a part like Terrence Fletcher and Simmons completely sold it.

As I said, the best movies are those, that reach out to the most diverse and wide spectrum of audiences, not those, who can connect to a massive number of people, who are representatives of only one specific audience type.And Chazelle has achieved just that with ""Whiplash"" - a precise, tension-building film, full of beautifully staged pieces and above all else, a love towards music and the challenges it often represents if you want to get to the very top.

The film ended in a big round of applause from the packed theater and I am sure that will be the case a long time from now!

My grade: 9/10",2608,https://www.imdb.com/title/tt2582802/reviews/
Whiplash,5,,"Greetings again from the darkness. The pursuit of greatness is not always pretty. No matter if your dream is athletics, dancing, music or some other; you can be sure hard work and sacrifice will be part of your routine. You will likely have a mentor, teacher or coach whose job is to cultivate your skills while pushing you to new limits. This film questions whether the best approach is intimidation or society's current preferred method of nurturing.

Miles Teller plays Andrew, a first year student at an elite Manhattan music conservatory. Andrew dreams of being a great jazz drummer in the vein of Buddy Rich. When offered a rare shot at the top ensemble, Andrew quickly discovers the conductor is a breed unlike anything he has ever encountered. The best movie comparison I can offer for JK Simmons' portrayal of Terence Fletcher is R Lee Ermey's Drill Instructor in Full Metal Jacket. This is no Mr Holland's Opus. Fletcher bullies, intimidates, humiliates and uses every imaginable form of verbal abuse to push his musicians, and especially young Andrew, to reach for greater heights.

Andrew and Fletcher go head to head through the entire movie, with Fletcher's mental torment turning this into a psychological thriller ... albeit with tremendous music. We witness Andrew shut out all pieces of a personal life, and even take on some of Fletcher's less desirable traits. Andrew's diner break-up with his girlfriend (Melissa Benoist) is much shorter, but just as cold as the infamous opening scene in The Social Network. At a small dinner party, Andrew loses some of the sweetness he inherited from his dad (Paul Reiser), and unloads some Fletcherisms on some unsuspecting family friends.

Writer/Director Damien Chazelle has turned his Sundance award-winning short film into a fascinatingly brutal message movie that begs for discussion and debate. The open-ended approach is brilliant, though I found myself initially upset at the missing clean wrap that Hollywood so often provides. What price greatness? Is comeuppance a reward? Are mentors cruel to be kind? For the past few years, I have been proclaiming that Miles Teller (The Spectacular Now) is the next John Cusack. Perhaps that bar is too low. Teller just gets better with each film. His relentless energy draws us in, and we find ourselves in his corner ... even though this time, he's not the greatest guy himself. Still, as strong as Teller is, the film is owned by JK Simmons. Most think of him as the dad in Juno, or the ever-present insurance spokesman on TV, but he previously flashed his bad side as the white supremacist in ""Oz"". Even that, doesn't prepare us for Simmons' powerhouse performance ... just enough humanity to heighten his psychological torturing of musicians.

You should see this one for Simmons' performance. Or see it for the up and coming Teller. Enjoy the terrific music, especially Duke Ellington's ""Caravan"". See it for the talking points about teachers, society and personal greatness. See it for any or all these reasons - just don't tell director Damien Chazelle ""good job"".",3078,https://www.imdb.com/title/tt2582802/reviews/
Whiplash,6,,"In New York, a young jazz drummer (Miles Teller) is enrolled in a prestigious music school. His ambitions are tested and manipulated by a sadistic, perfectionist music instructor (J.K. Simmons).

There are occasional moments in the film that seem far-fetched and over-the-top. But these are forgiven due to the edgy execution by director-writer Damien Chazelle and the acting.

Teller is very believable as someone whose obsession to succeed overrides his sense of safety. This is partly explained in a useful scene at the beginning of an extended family gathering where one-upmanship seemed to be the traditional form of communicating.

However, the movie belongs to Simmons who is the epitome of the authority-from-hell. He has rightly won many awards for this performance and he is likely to win more. He is so frightening when he is dominating the students that, even in the audience, there is a sigh of relief felt when he is acting more at-ease and human. His presence is that strong.

""Whiplash"" ably presents the question of whether attaining genius is worth the price - at least in certain circumstances. It also succeeds as a psychological horror movie. The Simmons character is likely to be mentioned in the future as one of the movies' most memorable villains. - dbamateurcritic",1290,https://www.imdb.com/title/tt2582802/reviews/
Whiplash,7,10.0,"Music teacher Terrence Fletcher spots something in raw, but talented young drummer Andy Niemann, desperate to get to the top, Andy makes several sacrifices, to strive for greatness.

I can't always give one hundred percent attention to a film, sometimes my mind can wander, here though, I was glued for the full run time. This film is absolutely phenomenal, a relatively low budget movie, but one with an incredible story and some phenomenal acting.

How can a film be equal parts subtle and brash, I can't explain why or how, but this film has an incredibly rich content, there is so much going on beneath the surface.

The characters, incredibly rich, rounded and thoroughly believable, I must start by commenting on Fletcher, he's fascinating, irascible, angry, but deep, smart, demanding and passionate. JK Simmons won an Oscar for this performance, and deservedly so, he is breathtaking here, it is acting to savour.

The film is as much about Fletcher, as it is about Niemann, a total contrast, where Fletcher is hard, brash and tough, Niemann is a little naive, meak, cute, but loaded with talent, it's Fletcher's outrageous demand for perfection from him that's the key.

Damien Chazelle nailed it here, the script is pretty near perfect, Oscar nominated, it should have won it.

I am blown away by this incredible film, 10/10.",1335,https://www.imdb.com/title/tt2582802/reviews/
Whiplash,8,,"There is so many excellent great things to say about this film. To start off I will say it may be slow and to different for some to enjoy and so that I warn you. Now I will say that I can not express the idea enough of how surprising this film is. Jk Simmons does an outstanding performance as the highly unpredictable hair trigger tempered teacher Fletcher, Miles Teller an actor who I've only seen in mediocre comedies also shines in a breakthrough performance as the ambitious drummer Andrew. The performance are outstanding and that's just the tip of the iceberg.

My favorite thing about this film is how it has created it's own one of a kind spot in the music genre of film, it's atmosphere is unlike any other as well. The idea that this film is one of a kind can't be stressed enough, I guarantee you cannot find another film out there like this. This film expresses a shockingly high intensity for a music film. I believe that Jk Simmons acting is what fueled a lot of the intensity. When you watch this film even though it's pace will seem slow to most it's intensity is impossible to miss.

I can see how a lot of certain people may find this film hard to enjoy but for me this film as slow as it is couldn't have been more intense. The mere fact that a music film shows some strong intensity like this one did is mind blowing to me. I don't know how many of you had this same experience or something similar then you already know what I'm talking about. I have a good feeling and I'm hopeful this film rakes in some acting Oscars because this film deserves at least one. I haven't read anything on this films page and I'm sure others have expressed similar opinions and all I can say is listen and trust me. I'm praying you enjoy this film and experience it's one of a kind intensity just as I did. Thanks for reading my review and enjoy.",1850,https://www.imdb.com/title/tt2582802/reviews/
Whiplash,9,,"""Music is your own experience, your own thoughts, your wisdom. If you don't live it, it won't come out of your horn. They teach you there's a boundary line to music. But, man, there's no boundary line to art.""

Charlie Parker sums it all, Cinema is true Art. I wasn't expecting to feel this way after watching this movie. Every moment has tension and something unexpected occurring. It is as if the director had chosen to apply the tempo of the drums to the script. Anyone can relate to this story. We all have pursued a dream, a passion ... Rather or not we made it our everyday job or maybe just a hobby aside, some of us strive for something bigger.

This film is a journey in the search of your inner spirit, inner creativity ... not only will it make it clear that you cannot succeed without effort and hard work, it will also make you realize there are two different kinds of artists : - those who make art, - and those who make beautiful art

""Beautiful"" because they are stimulated by a special strength within, a GIFT.

Is it because I reminisce N.Y.C. or that I play the drums? I simply believe the performances were astonishing and the actors perfectly chosen to embody these terrific characters. I won't say ""good job"" but rather ""thank you"", to the promising Franco-American director Damien Chazelle﻿ for sharing his vision.",1337,https://www.imdb.com/title/tt2582802/reviews/
Whiplash,10,,"The story of a jazz drummer who is pushed to the brink by sadistic music conductor.

As a drummer myself, I found the depiction of the art, the the elements of 'the band room' very accurate - with the exception of the crazy conductor (mine was quite nice by contrast). What makes this film so excellent is the character driven storytelling. I watched this the same weekend as Doctor Strange in the Multiverse of Madness (""MOM""), and I was far more captivated by the conflict between the characters of Whiplash than I was of MOM.

Whiplash featured incredible twists and turns, that kept me glued to the screen. This is an underrated gem that deserves more praise.",663,https://www.imdb.com/title/tt2582802/reviews/
Whiplash,11,,"Whiplash is low budget film making at its finest, and surely promises big things from rookie director/writer Damien Chazelle. Seeing this film in theaters was the first time this year that I have completely enraptured (granted, I have not seen all of the top films that have come out so far). Also, I am a succor for quality films about musicians, and Whiplash ranks in my all time favorites in that genre. The tension did not let up from the very first scene, especially as soon as the incredible J.K. Simmons enters. Simmons, along with Miles Teller (who's Project X days are now long behind him) have some of the best on screen chemistry I've seen. They're connected; one cannot act without it affecting the other. The film is almost entirely focused on this relationship, and the simplicity definitely services the film. I hope people will go and see it and vote with their pocketbooks for excellent low budget films.",921,https://www.imdb.com/title/tt2582802/reviews/
Whiplash,12,9.0,"Nominated for five Oscars, and winning three (editing, sound and Best Supporting Actor, with nominations for screenplay and Best picture), 'Whiplash' is positively blistering, with a darker and more realistic view on aspirations and done in a way that's tense and inspirational.

Visually, 'Whiplash' looks great with grittily atmospheric photography with plenty of beautiful, gripping shots (like close-ups of the drum playing) and some of the tightest, cleverest and most audacious editing of any film that year. The sound is also thrilling in its intense authenticity, and really add to the impact of the pulse-racing Jazz soundtrack. There is in particular unbelievable drum playing that serves as a fond reminder of iconic drum players of the classic Jazz Age, the final drum solo is long but exhilaratingly played and a huge part of why the ending sends up a storm as much as it does.

The script is sharp and cutting, sometimes uncompromising and at other points patient. The story is not new, but makes a point of aspirations and talent having its dark and less glamorous side, competitiveness and that there are always obstacles (including dictatorial bullies). While not quite as extreme in life as shown here situations and people like seen in the film exist. The story is at its most successful in its tension between Andrew and Fletcher, which is thrilling and nail-biting, and Andrew's very relatable and inspiring drive and passion, and much of it is very taut and rarely laborious in pace.

Damian Chazelle directs with a clear love for film and the jazz style and passion for the subject. 'Whiplash' has great performances all round. The secondary cast do much with little and Miles Teller more than holds his own in a telling lead performance. This is JK Simmons' film however, proving that his Oscar win was one of that year's most deserved wins. He doesn't just dominate the film with his ruthless manner as a terrifyingly dictatorial character, but actually IS essentially the film, one's terrified of him but also understands his point of view.

'Whiplash' could have been slightly better this said. Most of the supporting cast, especially Andrew's family (the film at least tries to say why the romance was rushed and dropped, in that it didn't mean anything to him like his playing of music did), are severely underwritten and underused. The car crash scene and the aftermath also feels out-of-kilter and even the most committed musician wouldn't be in the right function to do what happens after that scene.

Otherwise, this is a blisteringly great film with a huge amount to recommend. 9/10 Bethany Cox",2628,https://www.imdb.com/title/tt2582802/reviews/
Whiplash,13,,"When it comes to cinema, there are often little gems in a sea of bigger spectacles, that can break through in the most proficient way. Last year, I pleaded to the entire film universe that discover and understand ""Inside Llewyn Davis"" from the Coen Brothers after seeing it for the first time at NYFF. This year, I've seem to already come to terms that the next film that will utilize all my energy and resources this year will be Damien Chazelle's highly intense psychological drama ""Whiplash."" An impeccable and tightly wound experience that brings your anxiety to a feverish level. As small, and utterly different as I'm about to compare, I haven't felt this uneasy with a film's tension since Paul Greengrass' ""Captain Phillips,"" coincidentally also was a NYFF title. Two other similar traits that embody the two are the intense and completely submersible performances that inhabit them. Stars Miles Teller and J.K. Simmons are absolutely astonishing, featuring two of the year's very best turns.

Chazelle's film tells the story of Andrew (Teller), a first year music student that seeks out and joins the prestigious school band, headed by an intense and frightening teacher Mr. Fletcher (Simmons).

Walking out of the screening I fully knew (though I fully hope to be proved wrong this year) that Miles Teller would be my ""Oscar Isaac"" this year. A performance that should shoot to the top of any awards consideration for a lead actor, but unfortunately will be passed over show after show. Teller is submerged in a way that we haven't seen the young actor achieve at this stage in his career. After plowing onto the scene opposite Nicole Kidman in ""Rabbit Hole,"" and then helming ""The Spectacular Now"" with complete ease and intensity, I was not expecting him to be the machine of fury and magnitude that is on display in ""Whiplash."" There are moments where he channels the emotional aura of performances like Tom Hulce/F. Murray Abraham in ""Amadeus,"" as crazy as that sounds. I am so excited to see where Teller goes from here. It makes the future of film a lot more bright, knowing that someone like him will be rising up in the ranks.

Everything you've heard about J.K. Simmons is true and then some. A fully fleshed out supporting role, Chazelle doesn't write Fletcher as a caricature. He's a deeply acute individual, full of passion and acrimony. Chazelle doesn't keep Simmons at a ""10,"" he and Simmons allow him to find a range of empathy, hatred, and cryptic allowances that will keep you at the edge of your seat. As I watched Simmons flesh out a performance that can only be described as magnificent, I kept coming back in my mind to Christoph Waltz in the Oscar-winning ""Inglourious Basterds,"" a role that found much heat on the awards circuit. The world/all film lovers will not be able ignore the stunning presence of Simmons. A Supporting Actor nominations (maybe even a win) seems all but assured (and deserved). Looking back at the veteran actor's career that included memorable roles in ""Juno,"" ""Burn After Reading,"" and ""Up in the Air,"" a role like this could not have come at a better time. Already impressive in his brief work in Jason Reitman's ""Men, Women & Children,"" writers, directors, casting agents, and producers will be pounding on the actor's door.

You can't credit ""Whiplash"" without citing the words and control by writer/director Damien Chazelle. An amazing and outstanding sophomore effort (unfortunately have not seen his debut ""Guy and Madeline on a Park Bench"") that channels a young Bennett Miller. Vigorous, self-assured, and innovative, Chazelle is a brilliant auteur filmmaker that knows exactly what type of films he wants to make. He takes inspiration from his own life, his love of film and music, and other places I'm sure we don't know about, and molds them into a gritty, layered experience, conditioned with rich characters, all realized through the writer's story. It's one of the best scripts of the year.

""Whiplash"" features some of the best minutes of film seen in 2014. An ending that will bring tears to your eyes, dual performances that will have you applaud, and an experience that you surely will not forget. Drumming has never felt like such a personality. It acts as a visible tool for the viewer to understand and try. If you love music, appreciate education, and dare to be better than your current state, you will find something very real to latch onto. Hold on, and hold on tight.

""Whiplash"" is being distributed by Sony Pictures Classics and will be released October 10 in limited release (and then expanding after). A must-see for all movie lovers!",4623,https://www.imdb.com/title/tt2582802/reviews/
Whiplash,14,,"Though my appreciation of this film has somewhat decreased throughout the several times I've watched it, I still think it has a lot to offer. In the brutal world Chazelle crafts in this film, you need to pay a price for your dreams to come true (Chazelle's La La Land has a similar theme). Not only do we see the toll Andrew's pursuits of being a great drummer have on him, but also on his relationship with those around him given his alienation of some of his family or how he cuts off his contacts with someone who may have gotten in the way of his dream. Also, even though Fletcher's teaching strategies technically work, the film simultaneously acknowledges the downsides to them given what we learn about Sean Casey and how some of Fletcher's students leave his program. In spite of the darker bits though, the movie also manages to be a lot of fun. The jazz concerts are both well-shot and edited, with the standout being the technically outstanding ending which dropped my jaw when I first watched it back in 2014. Finally, J. K. Simmons does a terrific job in this film. He's electrifying when he teaches the band and equally compelling in his quieter scenes, with the standout being his conversation with Andrew about Charlie Parker.

In spite of these strengths though, something about the film's message turns me off. While I don't think the film champions Fletcher, it does imply that the only way to achieve greatness is through being abused. You can either roll with the abuse and become famous or give up your dreams. While I'm not denying some people will require that kind of pressure to improve, that isn't the only way someone can become famous. I wish the film would've presented more options to achieve greatness to Andrew, but have him choose to stay in Fletcher's program (staying in abusive relationships that you recognize as being abusive is normal, so this would've worked just fine). As it stood, I thought the film's message was conflicted. Yes, it does acknowledge the flaws to Fletcher's teaching methods, but it also acted like Andrew had no other options to pursue his dream and that didn't sit right with me. In spite of this, however, I still like the film quite a bit. Its strengths are compelling and engaging enough to carry the film.",2272,https://www.imdb.com/title/tt2582802/reviews/
Whiplash,15,,"This is a very unique movie even u are not into jazz but still can drew u into the atmosphere of it without moving your eyes.My eyes were dry after seeing this movie.Miles and Jk portray it flawless .Jk remind me of ex employer will use your weakness background against you if anything go wrong.Director done very well using camera angle to capture the face of the actor to create the tension in it.Have to admit I hate Fletcher brutal teaching, but most of the music icons were pushing to their limit practice to perfectly everyday,so he is not entirely wrong also.just my fantasy,it will be great if this movie can use 120fps technology to capture the facial expressions of two lead actors.",692,https://www.imdb.com/title/tt2582802/reviews/
Whiplash,16,,"This movie should please a wide audience of non-musicians. I am not a musician but I've seen movies based on things I know very well and it's always exaggerated and unrealistic and it usually bugs me more than other people; I can easily imagine how real musicians may dislike this one. The directing and acting are great (although J.K. Simmons steals the whole show) as are cinematography and sound. However the whole premise is wildly unrealistic, and the moral of the story ""to be great you need to be pushed beyond your limits"" is a tired trope that has often been done in a better way than here. On a personal note, I hate bullies with a passion and there can never be a ""but it's for a good reason"" excuse for bullying.",724,https://www.imdb.com/title/tt2582802/reviews/
Whiplash,17,,"If ever a movie needed to come with trigger warnings, it would be this one. Warning: for artists who have gone to schools or conservatories for artistic training, this film contains depictions of abusive behavior by a sadistic teacher who believes he's helping students by torturing them until they break, and who won't apologize for it.

""Whiplash"" is unrelenting and deeply upsetting in its depiction of extreme psychological, emotional, and physical abuse inflicted on the student (Miles Teller) by the teacher (JK Simmons). There's something frighteningly true about it, even when its excessiveness reaches a point of incredulity. (There's no way this guy keeps his job with the stunts he pulls, even by 2014 standards.)

Teller plays Andrew, a musician at the fictional NYC conservatory which he's not shy about telling people is the best in the country. His one aim in life is to become ""one of the greats."" Simmons plays Fletcher, a sadistic jazz-band conductor who will test Andrew's resolve to the extreme.

Simmons is terrifying in his Oscar-winning performance, playing a character you either hate to love or love to hate; the nature of his emotional abuse is so convincing that even the viewer isn't always sure which is which. Teller goes toe to toe with Simmons in a breakout performance of his own. Predictably, Andrew's obsessive perfectionism comes at a great cost to himself and those around him as he begins to emulate the warped values of his abuser.

The film definitely has the impact its title suggests.",1526,https://www.imdb.com/title/tt2582802/reviews/
Whiplash,18,,"Whiplash is an electrifying cinematic experience that gripped me from the very first frame. As someone who has always had a passion for music, I found myself deeply immersed in the world of jazz drumming, even though my knowledge of the genre is limited. The film's intensity is palpable, and it captures the relentless pursuit of perfection in a way that resonates universally, regardless of whether you play an instrument or not.

From the moment J. K. Simmons bursts onto the screen as Terence Fletcher, I felt the air shift. His commanding presence is both terrifying and magnetic, and he embodies the role of a mentor who pushes his students to their limits-often beyond what is considered acceptable. There's a scene where he throws a chair at Miles Teller's character, Andrew, that left me breathless. It's not just a shocking moment; it encapsulates the film's exploration of the fine line between motivation and abuse.

Miles Teller's performance as Andrew is nothing short of remarkable. He perfectly conveys the struggle of an ambitious young man who is willing to sacrifice everything for his dream. I could feel his frustration, pain, and determination as he navigates Fletcher's brutal training methods. The drumming sequences are exhilarating, and the sound design immerses you in the rhythm and chaos of the practice room. I found myself tapping my feet and holding my breath during those intense moments, as if I were right there on stage with them.

What struck me most was the psychological depth of the film. It's not just about music; it's about the human condition, ambition, and the cost of greatness. The film poses challenging questions about the nature of success: Is it worth sacrificing your mental health, relationships, and well-being? Watching Andrew's transformation was both inspiring and heartbreaking. I found myself reflecting on my own ambitions and the pressures we often place on ourselves to achieve.

Damien Chazelle's direction is masterful. The editing is sharp, and the cinematography beautifully captures the frenetic energy of the music. Each frame feels meticulously crafted, and the pacing keeps you on the edge of your seat. The film's climax is a stunning culmination of tension and artistry that left me exhilarated and emotionally drained.

Whiplash is a film that lingers long after the credits roll. It's a visceral exploration of ambition and the sacrifices that come with it, and it challenges viewers to consider what it truly means to be great. I walked away from the theater feeling both inspired and.",2560,https://www.imdb.com/title/tt2582802/reviews/
Whiplash,19,,"Yes, the acting by JK Simmons was very good, and yes the storyline was compelling regarding greatness, and how greatness is found and nurtured, or in this case abused.

The idea is our society is too friendly and politically correct to be able to develop great musicians. The interesting concept of the film is that the mentor is as important as the mentee, which of course we already knew, but the idea was that the mentor must be willing to push the mentee in ways or manners the mentee would not do otherwise. Very interesting concept that could yield hours of interesting debate over a bottle of wine and a cigar.

However, the movie does not behave like an Indy film, but like a Hollywood picture. There is far too much drama. The primary character (Andrew Nieman) bleeds no less than three times during the movie on his trap set! Seriously, bleeding! He gets in a car accident, rolls his car over, and runs to the recital he was late for while bleeding and unable to control his limbs from the trauma.

Then there's the complete lack of character development of ANY of the characters in the movie. Why is Andrew Nieman so obsessed with music that he breaks-up with his girlfriend because he thinks she will eventually get in the way? JK Simmons is good, but sorry, I don't know why he behaves the way he does, nor would his style ever be effective, or accepted at any college, private or public.

The idea that Charlie Parker became great because he had a symbol thrown at him is extremely trite and irrelevant to greatness. Again, this is not an accurate representation of the truth. The reason we don't have any modern Charlie Parker's is because our society doesn't care about Jazz music any longer, in fact it's the butt of many jokes. Jazz was played everywhere in Parker's day. You could buy a saxophone at JC Penny's for Pete's sake. Today, you can barely buy a saxophone at a music store. The fact of the matter is that people become great in areas that the people care about; football, basketball, baseball, and in the arts symphony orchestra. Yo-Yo Ma is one of the greatest cello players of all time. So did he become great because he had some dude yelling profanities in his ear? NO! How about 50,000 hrs of practice, and prospect of getting rich and being adored.

So much hype and very little substance behind it I'm afraid, unless of course your used to watching Marvel superhero movies, so you've become abundantly inept at recognizing a good film unless it slapped you in the face. Which of course, JK Simmons does slap Peter Parker, I mean Andrew Nieman :)",2580,https://www.imdb.com/title/tt2582802/reviews/
Whiplash,20,,"I work with a guy who studied music in school and had friends who went the music conservatory route, and according to him ""Whiplash"" is authentic. To which I say...Oh my God! Because this film is a nightmare.

Miles Teller gives an under-appreciated performance as a drummer following his passion who is lucky enough (if lucky is the right word) to be chosen by a psycho jazz teacher (J.K. Simmons) to join his class. What follows is a battle of wills, as Simmons tries to grind his students to stumps of their former selves while Teller proves that he won't be so easily dominated.

""Whiplash"" goes in a very dark direction and completely defies expectations, which is what I liked most about it. I was expecting a kind of ""Devil Wears Prada"" set in a music school, where the eager pupil first wants to give up, then rises to the challenge, earns the respect of a tough teacher but ultimately decides his worth doesn't depend on proving himself to anybody. But that is most decidedly NOT the direction this film goes, instead turning into a contest to see how much crazier and more obsessed one maestro can be over another.

Simmons shouts and blusters his way through a one-note role. He's good in context of what he's asked to do, but it's the kind of showy performance that wins Oscars, not a subtle and complex characterization. Teller is the heart and soul of the film, and he's tremendous. The film is like watching a car accident in slow motion and being unable to do anything to prevent it, and just as unable to look away.

Winner of three Academy Awards (Supporting Actor for Simmons, Film Editing and Sound Mixing) and nominated for two others, including Best Picture and Best Adapted Screenplay.

Grade: A",1718,https://www.imdb.com/title/tt2582802/reviews/
Whiplash,21,,"This film tells the story of a young drummer who us accepted into the most prestigious music school in New York. The teacher there is very strict, even abusive physically and psychologically. The story then tells how the enmeshed relationship between the two evolve.

The music in ""Whiplash"" is great. It's like going to a jazz concert, especially the finale performance at the end. For the plot itself, however, I did not like it at all. The teacher is very abusive, and dies everything he could to stir up rivalry and hatred among his students. The worst thing is that the film gives him time to justify his abuse. Abuse is not right, and the film allows abusers to give twisted reasons to justify something wrong. That really angers me. Coupled with the fact that his students keep on receiving the abuse, it evoked a lot of anger in me.",840,https://www.imdb.com/title/tt2582802/reviews/
Whiplash,22,10.0,"This is undoubtedly my favorite film, with a brilliant script, incredible casting, and wonderful cinematography, created on a budget of only $3 million, the greatest masterpiece I've ever seen.

J. K. Simmons' performance is incredible, especially the contrasts he creates in the film. He can go from being a great guy and a good person to suddenly becoming a manipulative genius trying to create the greatest jazz musician in history. His character is complex and very well-crafted. He applies all the perfect manipulation techniques to get Mathew to reach his peak. Things like aggression, insults, and sudden compliments make him a perfect and very well-structured character.

Mathew, on the other hand, in addition to Fletcher's manipulative tactics to keep him playing drums, possesses a total ambition to achieve his goal, causing both characters to complement each other in a great way.

The ending is the best, an ending that initially seems good and happy, but has an interesting backstory.

10/10, it'll be years before I see a movie as good as this again.",1066,https://www.imdb.com/title/tt2582802/reviews/
Whiplash,23,,"Whiplash is simply astonishing.

Miles Teller plays Andrew, a gifted and highly ambitious drummer in his first year at an elite New York music academy. There his talents are spotted by Fletcher (J.K. Simmons), an equally ambitious coach and mentor who is always looking for the ""next big thing"" but has never found it. However, there is a very thin line between being an ""ambitious coach"" and a terrifying bully, and Fletcher constantly crosses that line sometimes inflicting a terrible impact on his young students.

In an almost uniformly male environment, love interest is served from the cinema concessionary stand by Nicole (the charming Melissa Benoist) who the shy and uncertain Andrew finally plucks up the courage to ask out on a high-point in his emotional roller-coaster. Spot the female, featuring Melissa Benoist The 'school for protégés' theme has perhaps been trodden before by movies like Alan Parker's ""Fame"", and some of the emotional and creative jostling of elite musicians has appeared in films such as 2012's ""A Late Quartet"". But none of these deliver the degree of passion and intensity metered out in Damien Chazelle's movie.

Miles Teller (""Divergent"") is superbly credible as the aspiring jazz drummer Andrew, and it is almost unbelievable that he was not a professional drummer-turned-actor for this film. In fact, the more accomplished jazz drummer (very different to rock drumming apparently) is Nate Lang who plays Carl, his key competitor for the ""percussion 1"" role. The two were apparently locked away in a drumming 'boot camp' for 2 months prior to the movie being filmed.

But the starring role in the film goes to J.K. Simmons, probably best known in the supporting role of J. Jonah Jameson, the cranky editor of the Daily Bugle in the Spiderman films (and a number of other Marvel spin-offs). Simmons is quite simply astonishing, channelling the sort of Oscar-winning performance of Louis Gossett Jnr (""An Officer and a Gentleman"") into his vicious drill-sergeant-style performance. He has been nominated in the Best Supporting Actor role for both Golden Globe and BAFTA awards, and I would fully expect him to feature in the Oscar shortlist when they are announced on January 15th. Personally speaking, he will be the one I will be cheering for in the awards themselves.

Cinematography by Sharone Meir is outstanding, with every drop of blood, sweat and tears glistening on forehead and cymbal. The editing by Tom Cross is also extremely tight, winding up the tension during key encounters. The combination of the two together with Chazelle's tight script effectively spears the audience in the gut.

The feature is based on Chazelle's short film of the same name, and on this basis he is a name to watch for the future.

Gut-wrenching and enthralling, this film will spit you out the other end feeling emotionally drained. This is simply a film you MUST see. Let me drum it into you again. GO SEE THIS FILM! (If you liked this review please see others at bob-the-movie-man.com and sign up to receive future posts). Thanks.",3063,https://www.imdb.com/title/tt2582802/reviews/
Whiplash,24,10.0,"Whiplash (2014): ~1h 46m movie with 3 Oscars awarded.

J. K. Simmons delivers an OUTSTANDING PERFORMANCE! This movie has entertaining action, good character development, good music and it has interesting themes presented. I like the clash of ideologies, very gripping and understandable points of view. The ending is UNPREDICTABLE and it wraps up the story perfectly.

Conclusion: I had a GREAT time with Whiplash (2014). The storytelling is smart and full of EMOTION. It is definitely one of the BETTER movies out there 9-10/10 rating from me!

I totally RECOMMEND you watch this movie!",587,https://www.imdb.com/title/tt2582802/reviews/
Whiplash,25,,"If this is already diminishing in my estimation minutes after watching, it's because it's about subjects that are dear to me, music, concentration, meaning in life and placement of ourselves in the larger music, but it has no insights to impart, or none that I have any use for.

The whole is about ego pummeling away in the effort to be someone in the eyes of others rather than the joy of the craft itself, about clinging on to achievement than flowing on the creativity of the moment, about perfecting technique than cultivating soul, what Spanish musicians know as duende; the deep urge that rises from the body and cries to express itself as music.

Now I'm not a fanatic jazzist who thinks the music should be portrayed in this or that original light, the film may well be seen after all to be about confused individuals who miss the point, a bad teacher. But the bad teacher who hammers home a trivial point is the filmmaker.

We see how this clinging is more or less disastrous for everyone, how it derails them from expressing soul. It's also what puts them back on the stage. But I miss the deeper and softer insight here, for which jazz is a model, that we should indeed strive to perfect our craft, but that's so we can be able to use it freely and without obstruction, so that we can pierce through the sheet, the notation, to the real hum of music that spontaneously unfolds in the room where we play with others, become the instrument for music that plays itself.

The film is in the end as small as what it shows, unable to pierce from merely polished technique to wonder or let go of fixation with accomplishment to begin immersion in fulfillment.

It ends just as it would have to do that. It all builds up to a last scene of dueling between master and student for room in the stage that finally perhaps sublimates all the ego and hardship in music that sweeps both. In that scene we have a frantic display of ego as determination, but is his drum solo great music or merely an elaborate flourish apart from the music that the music has to stop for?

And this extends in a cinematic way, the scene is adroitly edited but is it anything more than a piece of mastered technique, mechanical?

(I wrote last year about a film called A Spell to Ward off the Darkness which has a much more spacious swimming of the cinematic eye, also incidentally between instruments on a stage, but faced the same conundrum, soul wasn't there, duende. This is bar none the most striking limit in expression with a camera since the beginning of cinema, one that every great maker strives to push back. Many have.)",2609,https://www.imdb.com/title/tt2582802/reviews/
Whiplash,26,,"Ten years later I am still surprised this wasn't a bigger box office success. There's a couple of other things in this film that surprised me. I've seen Miles Teller in a few things and he's never really appealed to me, but he is excellent here despite being outshone by his co-star, J. K. Simmons. Teller's role really is sort of gigantic between his constant presence in the film and his skills as a drummer. The other thing that surprised me is that I don't recall this much suspense and tension in a film that is not an action, sci-fi or horror film and that is a credit, of course, to its director, Damien Chazelle, who so deserved an Oscar nomination for this. Simmons has been around for a very long time and never has he had a role like this. He is like a rabid pit bull much of the time and he deserved all the awards he received. This is pretty fantastic much of the time and I really cannot find any real flaws in this fascinating tale of one seeking perfection and the other demanding it in this wild sorta love/hate relationship.",1042,https://www.imdb.com/title/tt2582802/reviews/
Whiplash,27,10.0,"I remember watching this for the first time back in 2014 and admiring what an absolute masterpiece it was. Amazing directing, writing, editing, and acting. All of the music in this movie is wonderful and will stay in your head for years. Love how Andrew starts off so innocent and reserved but slowly descends into arrogance and narcissism. Fletcher is the most thought-provoking character in the film and one of the best written antagonists ever. I've noticed how the best villains are always presented as the most evil wretches before they explain themselves and almost make you agree with them (this was also done well by Marvel with Thanos). Seen plenty of movies, but none of them have ever reached the heights of this.

Greatest film of all time. 10/10",758,https://www.imdb.com/title/tt2582802/reviews/
Whiplash,28,10.0,"Absolutely one of my favourite films, Whiplash is a tour-de-force of emotions and action that hits you like a particularly strident drummer.

J. K Simmons gives a breathtaking performance as the manipulative, nasty but impossible to take your eyes off music teacher, who rules his music class with an iron fist. His testy relationship with the naive yet determined amateur Andrew are the highlights, but everything else is so good it's almost impossible to find any faults here.

From the first moment when the main battlegraphs are drawn, to the exhilirating yet irresistable musical finale, the movie is an absolute masterpiece. 10/10.",637,https://www.imdb.com/title/tt2582802/reviews/
Whiplash,29,,"Do you know who I am ? "" asks the film's protagonist as the audience are introduced to him

Yeah you're that Nazi dude who enjoys raping all the new arrivals at the Oswald State penitentiary . Yes JK Simmons is back playing an Oscar winning role which isn't all that different from the role OZ fans know him for . It's nice to see that this years Oscar nominations were heavily in favour of indie cinema . It's even nicer to know that this is the film my fellow members of this site was the pick of the crop from 2014 film releases so sat back hoping to get blown away by it

So is it any good ? Yes but I should quickly qualify this by stating it's not really the masterwork some people might claim it to be . One criticism THE HURT LOCKER received was that you could easily rework the story as someone who has become addicted to adrenaline . Instead of a bomb disposal man you could have the story involve a fireman who takes more and more risks and so it's the same with WHIPLASH . How about a brutal drill instructor trying to turn weak civvies in to efficient killing machines ? That's already been done a hundred times before and so here we've a reworking of a familiar story in a slightly unfamiliar setting of a music school . It's a slightly predictable story and in order for it not to be so predictable there's a few plot turns involving situations that become rather contrived and unlikely to say the least

What stops it all falling apart is director Damien Chazelle using all the tools at his disposal involving editing , sound mix and cinematography to disguise the flaws in the story telling . Certainly many directors nowadays think editing revolves around taking as much cocaine as possible while mutilating any coherent on screen action . The editing style of WHIPLASH is some what showy but is genuinely admirable at the same time . It's nice to actually watch a film and notice the editing while never being irritated by it WHIPLASH is one of the better films of 2014 but it's probably a film that's easier to admire than to like . I did like it but didn't love it and I'm not in a great hurray to watch it again",2133,https://www.imdb.com/title/tt2582802/reviews/
Whiplash,30,,"As a musician and a drummer, I was urged by a couple of different friends to watch this ""praised"" movie. Aside from a few of the JK Simmons insults, which I laughed at, there is nothing good about this film, as it clearly shows that the filmmaker and the editor know nothing about music or drumming. He reduces all of drumming to ""that's not my tempo"", thereby dumbing down the entire art form into a click track, meanwhile, revealing no insight into what it actually means to play the drums, or be a musician. The film won an Oscar for best editing, although, throughout the film, the drumming that you hear, and what you see being played by the unlikeable lead actor, do not match, and in the finale, the overhead shots obviously reveal that it is not the actor, but rather a stand-in musician. Both lead characters are unlikeable and actually ridiculous. Everything about the movie rings hollow, and, worst of all, false. The most ridiculous thing of all is how poorly and over-the-top he represents the drumming. Jazz drumming largely requires an ease of dexterity, not this growling buffoon using baseball-bat sized sticks, bleeding all over the snare drum, while making Rocky faces. Did I actually see the ride cymbal ""sweat"" ? Oh my God, it was so bad. If you fall for this piece of garbage, I don't know what to tell you ...",1332,https://www.imdb.com/title/tt2582802/reviews/
Whiplash,31,10.0,"Cruel reality about walking this path. What u ppl saw here is a masterpiece,and at the same time a reality. Being a musician is easy... but is hard af. Do i love it?... With all my heart!

Many of us can relate to this movie.

A musician about to enter in the real world of that domain,see what really is(not everytime)but really love and accept the process. Prove that u are there because u LOVE IT,because u deserve it,cant see urself do anything else for life. Thats what it is...a letter to all of us,never give up on your dream.

This movie was exceptional,the ACTING...oh my oh my... The music in it was beautiful,jazz at its finest,very much thanks for that.

Overall a masterpiece...thats all it is really 10/10.",720,https://www.imdb.com/title/tt2582802/reviews/
Whiplash,32,,"People may quickly picture Whiplash as the Full Metal Jacket of jazz band: there's Fletcher militarily pushing his student, Andrew, to get his task right. The hatred towards the mentor becomes the character's motivation of achieving his orders perfectly; and the similarities could end there. Although this is a very different context; the harsh, shout-y discipline and sometimes its negative human effects are quite reminiscent. But without any grim twists, this movie just sticks directly to one's determination of being successful to his job, either for the instructor or for himself. This is one rough environment that takes you to a relentless study of intense rehearsals and intense discipline until it reaches to the point where their goals lose out of control. And just like those sequences, Whiplash keeps most of the viewers from their comfort zone, and leads them to rewarding results.

Movies like this, specifically relationship between a student and a mean teacher, conventionally ends with a heart changing sentiment, possibly leading the two to an unexpected life-long friendship, but Whiplash takes it stone-cold; hardly showing any sign of friendliness in their bond. The only way for the young drummer to gain his own light is to roll with the punches and learn exactly what the band want him to do, even if it costs much of what he has in life. This is supposed to be an image of inspiration, but the film mostly portrays the nightmares of this ""never give up"" ambition; which transforms the dreamer into a mad man who is few steps away of breaking down. Nonetheless, this unending pressure brings real impact to what lesson this movie is trying to show.

The filmmaking is spectacular all in all, each of its musical scenes makes for a truly grandeur show, but the core here are the ones that is mainly about the drums. They are impressively played with relentless intensity, while the camera strikingly displays the flowing literal sweat and blood of the drummer; indicating his committed exhaustion. The performances are the spotlight, especially J.K. Simmons who has done perfect to his character. It might have been easy for an overacted performance, but Simmons finds the sense of humanity beneath what it's written, making Fletcher reasonable to furiously shout at any intolerable flaw of his students. Miles Teller also killed it, recognizably for the drumming parts, but aside of that, he convincingly follows through the character's obsession, until he turns closer to insanity.

Whiplash often feels cruel, but there is an important reason for that. It depicts a serious way of motivation, you can feel that in every beat of his terrifyingly breathtaking drum performances; this is mostly the reality of being unstoppable to what you are desperately aiming for, plus driven by fear and hate. But eventually, the film makes a clear point why their world of music have to be this bitter. Overall, it all works by choosing clever directions, staging magnificent musical set pieces, and remarkable acting from its two leads. Even if the story is quite simple, its heart tends to overwhelm you.",3120,https://www.imdb.com/title/tt2582802/reviews/
Whiplash,33,,"One of the greatest movies of all time. Awakens all the emotions that you would expect from a great film while keeping you on the edge of your seat throghout.

It's as mentioned, a masterpiece.",193,https://www.imdb.com/title/tt2582802/reviews/
Whiplash,34,,"Andrew Neimann (Miles Teller) is a first year student at the prestigious Shaffer Conservatory. His father Jim (Paul Reiser) is a sweet high school teacher. He gets picked by Terence Fletcher (J.K. Simmons) to be the backup drummer in his winning Studio band. He gets enough confidence to ask out Nicole (Melissa Benoist). Fletcher is a cruel manipulative dictatorial teacher.

J.K. Simmons gets a great juicy part to show his skills that he has shown all these years. He fully deserves his Oscar win and it's not a surprise. He's certainly done great work in many TV and movie roles before over the years. Miles Teller take a great step up. He has done good work but this is something much more. It's a compelling character who develops and changes. He's able to play through it all.",783,https://www.imdb.com/title/tt2582802/reviews/
Whiplash,35,,"This masterpiece film holds a rare honest view into the cost and need for excellence in millennials' lives.

My expectations: fairly low. I did not expect the film to be so powerful for me as I am not one for jazz bands. Expectations exceeded, I think about this film quite often, although I had to be begged to watch it.

Recommendation: Film lovers and casual cinema goers, I believe will enjoy this film.

Re-watch value: I have watched this film over 6 times since release .

Memorable: I am still thinking about this film to this day.",539,https://www.imdb.com/title/tt2582802/reviews/
Whiplash,36,,"There are multiple reasons why Whiplash comes to the Toronto International Film Festival with palpable anticipation. The film was showcased at this year's Sundance Film Festival where it went on to both the Audience Award and Grand Jury Prize award for best dramatic film. Actor Miles Teller was recently named as one of Variety's 10 Actors to Watch and J.K. Simmons, well, he's J.K. freakin' Simmons. So the gathering audience at the afternoon screening was primed, ready and eager for the expected greatness about to be screened.

Whiplash stars Miles Teller as Andrew Neyman, a determined 19-year-old drummer who is pushed to his emotional limits by his new instructor Terence (J.K. Simmons). Terence has a reputation for being the best, but mentoring under his tutelage comes at a price. Terrence is no Mr. Miyagi. He is ruthless in his barrage of verbal sewage that attempts to push his students towards the greatness he believes they can achieve. Newcomer Andrew is no spared his ire as evidenced in this heated reaction when Andrew can't find Terence's tempo, , ""Were you rushing or were you dragging? If you deliberately sabotage my band, I will gut you like a pig. Oh my dear God - are you one of those single tear people? You are a worthless pancy-ass who is now weeping and slobbering all over my drumset like a nine year old girl!"" There is no ""Wash-on, Wash-off"" PG-ness here.

Being mean is in Terence's nature. And his assault on his young protégés is sometimes hard to watch. Think of Gunnery Sargent Hartman in Full Metal Jacket and imagine the persistent yelling and abuse for an entire film. Throughout, Andrew remains resilient. His goal to become a drummer of future legend has him shun friends and family. He's all alone and the uncomfortable Terence bond that he creates is all that he has.

Audiences will be unsure of where Whiplash is headed. Are we headed for a triumphant climax where the drill sergeant-esque nature of the instructor pays off in a musical crescendo closing that brings audiences to their feet? Or will the pressure and barrage of verbal bullying take effect with a shocking tragedy that spotlights the harassment of our children. Be sure, this is no Mr. Holland's Opus and the hate and evil that Terence employs travels from opening to closing credits without reprieve.

Writer-director Damien Chazelle does a stunning job of keeping us on the edge of our seats wondering when or if a climatic breakdown will occur. We watch in awe as Andrew gets pushed and pushes himself until his hands bleed after hours of relentless play. We feel as uncomfortable for his situation as we feel trapped in finding a solution to Andrew's goal.

The concluding act only further exemplifies the events and personalities that took us to the stage and the audience cheered in Andrew's defiance while gasping at his situation.

The result is a fantastic film that is sure to be considered for Best Picture at next year's Academy Award's. It is a rousing crowd pleaser will have audiences clapping with hands they will want washed of Terence's abuse. J.K. Simmons has the role he was meant to play and his character was not only brilliant but could rank as one of the best cinematic villains of all-time.",3229,https://www.imdb.com/title/tt2582802/reviews/
Whiplash,37,,"Simmons may have picked up a supporting actor Oscar for this performance, and he may have deserved in comparison with the rest of competitors for that award in 2014, but it has to be said that he is a repulsive and manipulative bully and that his character is no example to anybody - quite the contrary. In fact, his eagerness to label others with derogatory and even insulting adjectives quickly becomes difficult to watch.

If that is what is required for the human being to exceed his limitations - be it in music, sport, art, or any other field - then this is out and out human rights violation and I would rather live with a bit more mediocrity.

Tellers tries his best in a difficult part, but the very ambiguity at the heart of his character's nature - in turns accepting and rejecting Simmons' bullying - detracts from the spectator's sympathy. His search for personal greatness as a drummer, at the expense of love and family, is a welcome warning to anyone thinking of following that path.

And then I have a real problem accepting that Charlie Parker was the ""greatest musician of the 20th Century,"" as the central characters claim, and I do not care for the final rendition of ""Caravan,"" a wonderful piece of music that the two of them (Simmons unwillingly at first, then encouragingly) turn into a near solo drummer show.

The unremittingly bleak photography and atmosphere; the characters' apparent failure to learn and become better human beings; and the director's emphasis on highlighting meanness and the absence of redemption with his chiaroscuro backgrounds, all made for an unpleasant movie experience for me.",1630,https://www.imdb.com/title/tt2582802/reviews/
Whiplash,38,,"Truly astounding!

A genuine fight to dare to follow your own dreans and to dont let anyone bring you down.

Its a film who feels very authentic.

Truly a very deep, heavy, astonishing, interesting, important, dynamic and intelligent film with a great meaning, and message to dare follow your own dreams, even if people you know don't believe in you. A genuine purpose! Made with true passion!

It has one of the best and most clever manuscripts ive seen and the acting is amazingly and outstanding performed, especially by Miles Teller and J. K. Simmons. One of the best performances ever in a long time! Very well written script and well written characters!

Directing is wonderful! Genius filming and editing, fantastic storytelling and filmmaking!

A perfectly made drama that reflects many important aspects of life, emotions, will, drive, interesting dynamics and passion! A extremely well made film!

Perfect ending! Masterpiece! Genius!

Would absolutely recommend this great piece to everyone! A film like anything you havent seen before! A must-see!",1059,https://www.imdb.com/title/tt2582802/reviews/
Whiplash,39,6.0,"As an amateur musician, I really couldn't enjoy this. It is not really about jazz, let alone music. It's a movie about an abusive teacher and an obsessively self-destructive student, that uses the world of jazz music as a contrivance. Because so few people are familiar with the world of music, let along jazz, the movie is able to use this contrivance to create drama by divorcing itself from any kind of reality, under the pretence of insight.

This wasn't a music movie, it's a sports movie (ht Adam Neely). It takes the tired sports formula, and substitutes football for jazz, with such a low level of realism the average person would be able to spot its absurdity from a mile away. It's terribly cringy, if not downright absurd. I doubt many people would rave about a movie about an abusive coach and a football player (who is obsessed with a very old deceased football player) on a team where no-one really loves football, no-one talks about football, and no-one care about their team-mates, and no parent cares if the coach is abusing their kids, etc. But substitute football for jazz, and apparently, this movie is critically acclaimed? Why? There are far better films about abuse, education, obsession. But I guess there are very few films about jazz, and so this imposter seems insightful to some. Trust me. Its not. This is depraved absurdist fantasy.

Why 6/10? Because it is stylish. Well enough structured. It has one good music scene. And it seems to connect with audiences. So who am I to judge? :)",1514,https://www.imdb.com/title/tt2582802/reviews/
Whiplash,40,,"Seems almost everyone likes this movie for some reason. My review will be short and sweet: This is the dumbest premise for a movie I've ever witnessed. This is ""Full Metal Jacket"" with drums. No one, and I mean NO ONE would put up with the abuse that this music teacher dishes out, unless they were in the Marine Corp. It's one thing to be a nasty music teacher, but quite another to be R. Lee Ermey as Gunny Sgt. Hartman. Every kid I know today would have pounced on Fletcher and beat him to a pulp if he acted this way towards them. I keep waiting for Andrew to turn into Pvt. Leonard 'Gomer Pyle' Lawrence with a rifle in his hand to blow the teacher away. No, this is beyond fantasy, this is just dumb.",706,https://www.imdb.com/title/tt2582802/reviews/
Whiplash,41,,"Throwing a chair, slapping a music student repeatedly in front of his class in rehearsal simply because the teacher doesn't know how to teach rhythm. This movie brings the art of music down to the level of sports sadly. There are already enough bad teachers out there, we don't need a training film for them. The guy isn't a ""hard teacher"", he's just an asshole. Anyone knows that a good teacher can solve simple problems like this very quickly and knows that hitting a student isn't the answer. But this screenplay is an amateur work and sought out this method to evoke drama than showing someone who was a real teacher who was passionate about the craft and found a better way to work with students. But hey, showing a kid get slapped around gets you off, then this hazing film is for you. It's sure to play on your Picure-in-Picture along side wresting with you and your buddies pausing to say, ""Wait...watch this..."" and the kid gets slapped and they all say, ""awesome!"" and have another beer. Too bad IMDb doesn't allow zero stars. Who green-lighted this project, someone's family have a lot of money to fund it? Who's paying for all this over the top reviews of this piece of trash?",1188,https://www.imdb.com/title/tt2582802/reviews/
Whiplash,42,,"J. K. Simmons has played a number of stern, demanding characters during his career. But he gets the role of a lifetime in Damien Chazelle's ""Whiplash"". He plays the brutal instructor of a college jazz band. This man resorts to methods that lapse into abuse. In showing these overly aggressive teaching methods, the movie poses the question of what is the right thing to do when encouraging students to succeed. Brutality is understood to be the only choice when readying cadets for a war zone, but when teaching college students how to play jazz? Simmons won a well deserved Oscar for his performance. Although it was for Best Supporting Actor, the movie belongs to him. Miles Teller's performance as the student is truly secondary to Simmons. His character is one of only a few movie characters in history who made me feel as if I was walking on eggshells.",857,https://www.imdb.com/title/tt2582802/reviews/
Whiplash,43,,"Miles Teller being an up and coming actor along with JK Simmons who is a well-established underrated actor, whose performances have often been spell-bounding, together have made one of the best movies I've ever seen in the music genre (and I've seen Inside Llewyn Davis). Miles, who plays Andrew, a young drummer studying at one of the top schools of music, shows us his passion in every frame, every single time, whilst delivering a performance. His anger, temper, rise, fall, and everything else in between worked so well with the movie, that he caught my attention with every single frame passing by. As time passes, I am sure he will take the industry by storm along with all the other young up-and-coming actors and actresses. Simmons, who plays Fletcher, delivers a performance worthy of his name. Actually I might actually go ahead and say that this is the best I've ever seen him act. He convinces me completely that Fletcher is an insane perfectionist, so much so that he can forget that the performers were even human, until he gets the beat, tempo and rhythm he needs. Insanity suited his character and he delivered that in an extraordinary fashion. Both the actors showed their passion on screen, but I must give props to the director, who made the film go at the right pace, pushed the actors to show insane amounts of passion, and not allow the audience to divert their attention from these captivating performances. I love jazz music, but don't have much knowledge. But whatever I saw in this movie and heard as well, made me love it even more. Whiplash and Caravan were two genius compositions, and they were so amazingly beautiful. I actually don't know the right adjectives here to help me show how much I loved the score. All the other characters also played their part quite well making this movie one well-rounded show of art. All in all, this is one movie that even the non-jazz lovers will love. If you want passion on screen, you see it delivered in aces.",1979,https://www.imdb.com/title/tt2582802/reviews/
Whiplash,44,5.0,"Top-notch camera work and top-notch JK Simmons. Tension stays high throughout the whole movie, and many twists keep the story from being predictable. Execution is well above average. While it's surley entertaining, I think Whiplash lacks some depth. When the credits roll, you will find out that the story arc is very linear, and there's no enlightenment in it. At the and of day, this story is about grit and endurance, and nothing else. 6.5/10.",446,https://www.imdb.com/title/tt2582802/reviews/
Whiplash,45,,"This movie is a work of art. The movie captures you form the beginning and builds. Jazz is amazing, drumming is amazing. This movie is solid. Check it out.",155,https://www.imdb.com/title/tt2582802/reviews/
Whiplash,46,,"Whiplash was an emotionally absorbing character study. Andrew (Miles Teller) aspires to be a legendary drummer, and Fletcher ( J. K. Simmons) sees potential in Andrew and gives him a chance in his band. The sheer amount of tension between student and instructor throughout this movie is hardcore at times, but Fletcher is ultimately trying to maximize Andrew's potential as a musician by any means necessary (He makes this philosophy clear several times throughout the film.) This movie also manages to capture the intricate details of advanced music theory, as well as depicting the amount of hours and effort it takes to become an exceptional musician.",654,https://www.imdb.com/title/tt2582802/reviews/
Whiplash,47,,"Being a musician all my life and seeing this film makes me hate the main character. And more the teacher. He practices all wrong and he always has accuses. The best drummer doesn't made from playing fast, that is so stupid. The best drummer doesn't made from playing stiff, this is even more stupid. And the best music teacher surely doesn't made from a tough guy who do not the first thing how to teach, you can not push students like that to make great musicians. The whole point is to relax and feel the music. And swing is about feel the beat. You need to master the slow tempo so you can then be more accurate at higher tempo. What his film try to communicate about practicing and being the best musician is absurd. I stopped half way through the film, I just couldn't watch this non-sense anymore.

The main character does also looks very dumb as a person and worst as a musician and I believe not many musicians can relate to that. I wish this film deliver the right message about what being the real musician is all about. If you get that wrong then everything is wrong.",1078,https://www.imdb.com/title/tt2582802/reviews/
Whiplash,48,,Good movie start with slow pace this movie is all about a teenager who wants to become a good drummer and perform in a stage and his trainer is ruthless kind of psychopath always pushes the best in his students what i really liked is music.,240,https://www.imdb.com/title/tt2582802/reviews/
Whiplash,49,,"What Andrew has for drumming is what we all need to find in our lives.

What a beautiful film! Plain, simple and inspiring!",123,https://www.imdb.com/title/tt2582802/reviews/
Whiplash,50,,"The kid wanted to be the greatest, the teacher wanted to find the greatest. Unorthodox as it may have been they wanted exactly the same thing...and they found it.

The expectations of being the greatest based on talent alone is bullcrap. Oftentimes talent isn't even a factor. Drive, desire, even obsession are paramount with also the necessary support. Also, when giving the world something they've never experienced before you may have to ignore the opinions of those who don't matter.

Miles Teller is an amazing actor and this is the movie they put him on the map. Not many left. JK Simmons always a treat, but this was his peak performance.

Do yourself a favor and indulge in one of the hidden gems of cinematic integrity. Inspire yourself.",746,https://www.imdb.com/title/tt2582802/reviews/
Whiplash,51,10.0,"Gonna keep it short. The film is intense, exhilarating and the acting is splendid. 10/10. You MUST watch it",107,https://www.imdb.com/title/tt2582802/reviews/
Whiplash,52,,"This movie to me is about how much a person can aspire to succeed as a musician, and the story brought to the screen a protagonist that through sweat and blood found way to achieve his dream. You get tired, hyped and even upset with Andrew, while on the other hand, Terence Fletcher is there being Neiman's executioner and you can't decide if you hate or love his passion and will to drive the drummer to success, All of this thanks to the performance of both Miles Teller and J. K. Simmons.

You are absolutely lying if you say this movie didn't sparkled a fire inside of you to pick a pair of drumsticks, play an instrument or even learn about something that inspires you. We need more movies like Whiplash.",709,https://www.imdb.com/title/tt2582802/reviews/
Whiplash,53,,"There are already more than 1,400 reviews before this one and I'm not trying to say everything that's good about the film, and less try to analyze some supposed philosophy behind Whiplash.

I just want to say: if a movie about a drummer makes you want to grab a pair of drumsticks or something, even if you don't know how to play drums, it's because the movie did it perfectly.",377,https://www.imdb.com/title/tt2582802/reviews/
Whiplash,54,,"So, you wanna be the best in the world at what you do? You have to go the extra mile and work like a dog until you become the master of your domain. (apologies to Seinfeld). Miles Teller is a young drummer who wants to be the next Gene Krupa or RIngo Starr. Good luck with that idea. J. K Simmons tells him, no problem; all you have to do is sacrifice yourself on the altar of unrelenting practice, practice, practice. Play until you bleed, baby. And that is all there is to it; much easier said than done, however. We see the trials and self-doubts of the young Andrew, and the fierce determination of Terrence Fletcher, as he tries to make a star out of Andrew, despite having been a never-was himself. Terrance lives out his fantasies by torturing Andrew, but in a constructive way. Entertaining.",799,https://www.imdb.com/title/tt2582802/reviews/
Whiplash,55,,"Seriously, I've seen this film multiple times and I just can't find a flaw. I'm a drummer by hobby so obviously I was intrigued by this back in the 2014 Oscar film lineup more than the other nominees. I rented this from Netflix back when it was sending dvds (ah, good times, good times) and I got in huge trouble with my dad because he forbade R rated movies in his house, but did I feel guilty? Not in the slightest!

This movie is a miracle, a marvel! Thrilling tension building from just a rehearsal scene, spot on directing from Damien Chazelle, cinematography that really amplifies the intensity of the scrutiny that is Fletcher's gaze on his students.

J. K Simmons is a force of nature, we just never knew it until this movie. Someone who gets great respect and admiration from the college he teaches at. He's on the same level as someone at the top of any college.

Every new year when I look up upcoming movies, I specifically look up if Damien Chazelle had a new film in the works because if he does, I will mark it on my calendar and be seated for it. For a while he was on a roll, this and then two years later came out with La La Land.

Last year I got to see Whiplash in theaters because I wasn't able to when it came out because I was a teenager with no drivers license and my parents forbade I watch R rated movies. It wasn't a great theatrical experience but I loved seeing it and most of all; hearing it in theaters. You can really hear the slightest off tune or out of beat player in Fletcher's band that he's listening for like a fox. I guess that's why Whiplash swept all but Best Picture, which was definitely my pick for best picture.

I love this film from start to finish, it never gets old even after my thousandth viewing of this film. It's hands down the best film of 2014, and one of two Best Picture nominees that I actually remember to this day.",1876,https://www.imdb.com/title/tt2582802/reviews/
Whiplash,56,,"This film does not drag nor rush, it was perfectly in line with the tempo and nearly every aspect of the film was flawless. I'm going to start off praising the electrifying performances because I have never experienced that much tension and fear through the use of dialogue. J.K Simmons was fantastic, taking on a psychotic temper-mental music instructor who comes off beyond intimidating and all the more blood- curdling. Miles Teller delivers a surprising career flipping performance and handles the role perfectly, as he is driven to succeed and dedicated to excel at his admission, the intensity put into his character is overwhelming. The film takes many unexpected twists and turns, and overall comes off a very powerful and intriguing experience, all thanks to the unique style of direction and striking cinematography. The film offers moving characters and hidden life values throughout, despite its fairly basic plot you will be surprised with what this film is capable of. Whiplash was sharply written and precisely acted. No characters were miscast, no scenes bored me. It's easily one of the best 2014 movies so far, and without a doubt an Oscar nomination is well deserved.",1186,https://www.imdb.com/title/tt2582802/reviews/
Whiplash,57,,"It had been far too long since I last saw this film. Whiplash was what I considered to be my favourite movie of all time for a long time. However, recently I have been watching a lot of films, and my taste has somewhat changed. As such, I wasn't sure if this movie would still be at the top of my list.

Having finished this movie nearly out of breath, I think that it is safe to say that Whiplash retains its position as my favourite movie of all time. I have always liked movies with high tension and intensity, and quite frankly, I don't think that there is another movie that captures those two feelings so well. This film is easily the most intense movie experience that I have ever had. The intensity of the characters keeps you engaged and on edge the whole time. The intensity of practising and performing makes you out of breath even though you are only watching. And the intensity of trying to achieve perfection makes you wonder how far you'd be willing to go yourself.

In many ways, one of the most pivotal moments in the movie is the jazz cafe scene. It allows you to breathe for a moment, but, even more importantly, it allows the movie to take a deep breath before unleashing a finale that makes the rest of the movie feel cute. That moment in the cafe is crucial, as it allows you to reflect on what you have seen and to pause for a moment. That final scene becomes as impactful as it is because you have been allowed to understand the complexity of the two main characters. The cafe scene could be the best in the film if it weren't for the fact there are so many other even more impactful scenes.

Although I rarely discuss things like performances, I think that with this one it's mandatory. I am, of course, talking about the performance of J. K. Simmons. If this movie isn't intense enough on its own, leave it to Simmons to give an unbelievable performance and turn it up a notch. A performance that is scary and intense, but also emotional and sad. The moments where his character lets his guard down, are just as good as the moments where he yells some of the most creative insults that I have ever heard at the top of his lungs.

Ultimately, the brilliance of this movie comes down to the fact that I have never seen another film that captures tension and intensity as well as this one. I have never seen another film that makes me feel the way that this one does. And when you find a film like that, it's not surprising that it becomes your favourite one. And for me, that film is Whiplash.",2517,https://www.imdb.com/title/tt2582802/reviews/
Whiplash,58,,Didn't expect much from this movie so I was very pleasantly surprised! Just absolutely fantastic watching Miles Teller go on his journey of obsession with his craft. Of course JK Simmons is excellent and it's truly obvious why he received the Oscar for this performance. I have watched this movie over and over and it really is inspiring and unexpectedly funny. The determination and obsession in this film are just so good. The writer and director is also fantastic. What a great mind and how grateful I am that he shared this art with the world. This is definitely one of my favorite films of all time and I will continue to watch it time and again.,651,https://www.imdb.com/title/tt2582802/reviews/
Whiplash,59,,"Nine years after its release, I finally got around to seeing ""Whiplash."" Nearly a decade later, it remains a cinematic masterpiece that transcends the boundaries of musical understanding, captivating even those who don't consider themselves connoisseurs of music. This film, featuring the intense journey of Andrew Nieman (Miles Teller) and his tumultuous relationship with the formidable Fletcher (J. K. Simmons), is a whirlwind of emotion, skillfully blending excitement, tension, and rage.

The brilliance of ""Whiplash"" lies in its ability to immerse its audience completely, regardless of their musical background. As a viewer not deeply rooted in music, I found myself enthralled and engrossed, as if I were alongside Nieman, feeling every beat and enduring every challenge. The movie's pace and intensity had me watching in a stiff, tense state, mirroring the emotional rollercoaster experienced by Teller's character.

What makes ""Whiplash"" truly stand out is its complex character dynamics, particularly the captivating presence of Fletcher. J. K. Simmons delivers a performance that is both enraging and enthralling, drawing viewers into a love-hate relationship with his character. His portrayal adds depth to the film, making the audience yearn for more of his compelling presence.

Despite being a non-music aficionado, I found the film's portrayal of ambition, passion, and the pursuit of excellence universally relatable and deeply moving. The film's conclusion left me wishing for an extended cut, a testament to its captivating nature. I would have gladly indulged in a five-hour version of this intense, musical journey.

In conclusion, ""Whiplash"" is a remarkable film that resonates with viewers of all musical backgrounds. Its exceptional storytelling, coupled with powerful performances, creates an unforgettable experience. For its ability to engage, provoke, and inspire, I give it a resounding 5 out of 5 stars.",1934,https://www.imdb.com/title/tt2582802/reviews/
Whiplash,60,,"Whiplash is a powerful reminder that growth often occurs outside our comfort zones. It challenges viewers to reflect on their own ambitions and the lengths they are willing to go to achieve them. While the film's portrayal of mentorship is extreme, it serves as a catalyst for introspection about personal limits and the pursuit of excellence.

In conclusion, Whiplash is a masterfully crafted film that delves deep into the complexities of ambition and the human spirit. It's a compelling watch for anyone who has ever dared to dream beyond their comfort zone.

An absolute recommendation and a huge inspiration.",613,https://www.imdb.com/title/tt2582802/reviews/
Whiplash,61,,"Having heard of the strong praise about Whiplash since around its release in 2014 but not having being overly intrigued by the picture or having much of an interest overall, now watching for the first time. Can see as to why this film is as praise and held to such high standards.

From the great performances by both leads Miles Teller and JK Simmons, to the overall plot and script, to the music, to the directing and the way it's scenes were shot, to the build up and tone, Whiplash is a one of a kind film. This film has a relatively short run time (littler over 1 hr 40 mins) as it does not drag and every minute is quite engaging.

This film exceeded expectations and am somewhat disappointed as it took this long to finally getting around to watch it. Highly recommend, even if you are not a fan of jazz music, Whiplash is much more than music- as it is about a young mans dream of becoming great.",904,https://www.imdb.com/title/tt2582802/reviews/
Whiplash,62,8.0,"Whiplash is exhilarating filmmaking that grabbed me from the opening scene and didn't let go. This is how you make a thriller about drumming feel as intense as any action movie.

Miles Teller and J. K. Simmons deliver performances that crackle with electricity. Simmons is absolutely terrifying as Fletcher... not cartoonishly evil but frighteningly believable as a man who thinks cruelty equals inspiration. Teller matches him beat for beat, showing Andrew's transformation from eager student to obsessive perfectionist willing to sacrifice everything.

Yes, Fletcher's teaching methods are troubling and raise uncomfortable questions about abuse disguised as tough love. But the film doesn't glorify Fletcher... it forces you to wrestle with whether Andrew's achievements justify the psychological damage. Some critics complain it's unrealistic, but that misses the point. This isn't documentary; it's a psychological pressure cooker exploring toxic ambition.

At 106 minutes, it's well paced. Damien Chazelle directs like his life depends on it, and the final sequence is absolutely devastating.

8/10 - Brilliantly uncomfortable and impossible to shake.",1157,https://www.imdb.com/title/tt2582802/reviews/
Whiplash,63,,"Whiplash (2014)

Wow, the best of this is intense and disturbing and invigorating. It's about never never never cutting corners. It's about pushing and being your best until you break, and then keeping going. Who can't get revved up about that?

The scene is a mythical music school, something like Julliard and Berkeley combined— intense and serious, with an element of jazz built in. And the competition, expected as it is, pushed students beyond their comfort zone to absurd and inspiring degrees. The scenes where the music leader (teacher and bandleader played by J.K. Simmons) goes apeshit over the bumbling of his students are quite shocking. I'm an art teacher, and I tried it out one day, even warning the student I was going to do it and showing the preview to the movie first, and it went very badly.

The student in the movie who anchors the plot is the unknown Miles Teller, who is just fine in the role. He pushes and struggles and suffers—and eventually comes through, though with some serious convolutions.

So, on the surface, this will thrill and wow most viewers. And I liked all of this a lot. But the plot is mostly just what I've described. There are two additions to it, one dismissible (the love life of the student) an the other the one socially probing aspect, which you'll have to wait to see. Excellent and needed.

But not enough. If you love jazz, or have played jazz (I've done both in my limited way), you might balk at the music here. Yes. Surprise! Because this is all written out band music with jazz inflections. Until the last scene, which is critical, there is no improvisational jazz at all—none! In fact, the music struck me so cold I almost stopped watching. I hope you won't have the same problem, but it's there.

I also found the overall plot so narrow I couldn't quite get past its linearity. Even the psychology of the two leads is mostly left to rants and bleeding fingers and disgust. It's oddly superficial, even if it strikes you at first as completely about psychological depth.

Still, it's remarkable in its own way, and I totally recommend seeing it. The shocks will be wonderfully shocking, and the idea of doing your best, which is something most of us shamefully avoid, is a great reminder.",2247,https://www.imdb.com/title/tt2582802/reviews/
Whiplash,64,,"Thats all ive got to say. (this is just to fill inn the 150 characther thingy. The FitnessGram™ Pacer Test is a multistage aerobic capacity test that progressively gets more difficult as it continues. The 20 meter pacer test will begin in 30 seconds. Line up at the start. The running speed starts slowly, but gets faster each minute after you hear this signal. Beep A single lap should be completed each time you hear this sound. Ding Remember to run in a straight line, and run as long as possible. The second time you fail to complete a lap before the sound, your test is over. The test will begin on the word start. On your mark, get ready, start.

You feel like it's easy at first.

But you are so wrong.

You run until you feel like you are going to die right there in the middle of the track, the same gym teacher yelling at you to keep going. But you just can't do it. You make it back to your partner and collapse, breathing heavily.

""Dude, you only did like 20 laps."" With the little strength you have left, you glare up at your partner, telling them to stfu.",1070,https://www.imdb.com/title/tt2582802/reviews/
Whiplash,65,,"Seems to me the only people who like this movie are people who know nothing about music.

The film tries to get you to buy into some kind of polished, elite fantasy world that supports our belief that success comes at great sacrifice. Which it sometimes does.. but this movie is absolutely ridiculous.

People become musicians out of LOVE for the art. They aren't pushed to ""achieve greatness"" by sadistic asshole teachers. Also, Jazz is far less rigorous and robotic than this movie would have you believe. Jazz (and Blues) have always been about self-expression - play, spontaneity, colour, contrast & emotion. Lots of great jazz players are self- taught and never even went to music school (see Django Reinhardt). Many can't even read music.

This (American) movie completely fails to understand one of Americas own greatest cultural exports. As a Brit, I appreciate the irony - I can only conclude the writer must be a total dipshit.",937,https://www.imdb.com/title/tt2582802/reviews/
Whiplash,66,,"Yep! It's that great! Where do we start with this movie? First of all, we have a beautifully crafted story of Andrew letting his music career get the better of him with amazing acting by Miles Teller with J. K. Simmons really stealing the show with his amazing performance! No wonder he won an Oscar for his role! But that is not the only thing that's great about this movie! It is shot amazingly making it seem like you are in for a cinematic masterpiece and the music is probably the best thing about this movie! If you have a diehard love for jazz or music in general, you will absolutely love this movie! A true spectacle of art! Please do yourself a favor and watch this movie! And enjoy every minute of it!",712,https://www.imdb.com/title/tt2582802/reviews/
Whiplash,67,,"That is what makes you fall in love with cinema, great story, great editing, great cast, great directing, great lighting, great costumes, great music, great emotions, great themes, everything. Thank you cinema. Thank you Damien. Every second of this movie is tension and energy. The last scene can be a short movie by it selves. I watch Whiplash at least one time a month and there was a time when i have whatched it seventeen times in one week, i studied this movie, every frame and it felt always new to me, like a relation with your loved one. Marvelous, waiting for you next work Damien, i also loved La la Land and Babylon but Whiplash make me dream.",655,https://www.imdb.com/title/tt2582802/reviews/
Whiplash,68,,"I never write reviews or comments but this deserves it. I would write an entire thesis about this film. It was insane. By the end of the film, my breath was elevated, my head was moving to the sounds and when it ended I felt as if somebody had smacked me right across my face, all the while feeling complete satisfaction and pride. As soon as Andrew's hand got sweaty, mine did too. I have never watched a film this compelling, unsettling, uplifting, depressing.. it really did feel like a whiplash. J. K. Simmons' character was dominating and unlikable, yet he was utterly mesmerizing, all the while Teller was not only relatable but also insanely passionate in his craft. Phenomenal performances, amazing use of the camera. It was perfect. This was my Charlie Parker.",769,https://www.imdb.com/title/tt2582802/reviews/
Whiplash,69,,"If I'm being honest I've been nervous about watching this as much as I have been looking forward to it. The theatrical trailer was incredibly sharp and biting, but it would hardly be the only time a trailer has impressed me so much only for the full film to be nowhere as good itself ('Troy,' 'Age of Ultron'). Gladly, such trepidation is very quickly laid to rest, as Damien Chazelle's picture is filled from top to bottom with those same acrid flavors. As reliable a presence as J. K. Simmons is for any production, his performance as monstrous Fletcher is absolutely ferocious, the type of tour de force exhibition that will be remembered for a long time to come. Any glimpse of humanity he shows us in that capacity is a fleeting shade next to the unremitting viciousness, and Simmons becomes someone completely separate from himself for these 100 minutes. To my disbelief, Miles Teller nearly matches that explosive fierceness as blindly ambitious Andrew, and between these two stars 'Whiplash' is filled with such excruciating dark energy as to manifest tension and suspense tantamount to an outright thriller. When the picture does eventually pause for a breath, it's still hard to come down from the earlier peak, and it's only a pause. Make no mistake, this is a total beast, and it is absolutely worth all the anticipation.

Chazelle's screenplay is plum ripe with two titanic, powerful characters that feed off of and into each other, extremely piercing dialogue and scene writing, and somehow between it all, an unexpectedly dynamic narrative when all is said and done. His direction is astoundingly tight, pushing the feature ever forward, and leaving not the slightest room for laxity - yet much like the central character, that drive only serves to focus the contributions of cast and crew alike, shaping the whole with brilliant laser precision. Sharone Meir's cinematographer feels altogether alive, like a real set of eyes on the set, and Tom Cross' editing is truly impeccable, splicing the movie together with inhuman acuity; the first point of comparison to come to mind for me is Jay Rabinowitz's mind-blowing work on 2000's 'Requiem for a dream.' This is to say nothing of the incredible music that flows through the runtime, treating our ears to an amazingly rich array of tunes at the same time that we're wowed again and again by everything else before us. To that point, I think it rather goes without saying but all the drumming herein is difficult to even describe. At its best a drum kit is more than just a source of functional rhythm, but can become a lead instrument all its own, and I'm unsure if there's ever been a showcase on film or TV the way 'Whiplash' is.

Unless one already has insider knowledge, music can be very difficult to describe; either you get it, or you don't. A movie about music is much the same. It would be easy to wax poetic about the tremendous performances of Simmons and Teller, the vibrant dynamics between them and their characters, the exquisite writing and direction, the magnificent editing, and so on and so forth. To truly convey what all this means, and impart understanding, is another matter. 'Whiplash' is a feature that everyone needs to see for themselves, and I do mean ""need."" It doesn't matter if you're a musician, an audiophile, an especial fan of someone involved, or just an avid lover of cinema generally. This is a stark, breath-taking portrait of ambition, perfectionism, and towering personalities that is completely entrancing, from which it's impossible to divert our attention. As it turns out, that theatrical trailer which so quickly caught traction and turned heads is, after all, but a mere appetizer for what the film in full represents. There's no getting around what an awesomely riveting, satisfying viewing experience this is, ultimately leaving one with a smile on our face like relatively few pictures can really achieve. This earns more than a recommendation, it becomes a demand: 'Whiplash' deserves your viewership, and it's worth seeking out however you must do so. Bravo!",4075,https://www.imdb.com/title/tt2582802/reviews/
Whiplash,70,10.0,"Whiplash (2014): Unforgiveably, it has taken me a good few years to get around to watching this modern classic but just in case there are any film fans who have not yet done so, do make sure you check this one out. The film is an intense exploration of drive and ambition: it juxtaposes the comfort of mediocrity with the insanity and suffering which comes with the attempt to achieve the extraordinary. Miles Teller brilliantly plays the impressionable ingenue, who is willing to do anything to succeed as a musician. JK Simmons is possibly even more brilliant in the showier role of the mentor that will test his pupil to the absolute limit. Clearly inspired by iconic films such as Powell and Pressburger's ""The Red Shoes"" and Kubrick's ""Full Metal Jacket"", the director, Damien Chazelle, has Simmons excude menace and testosterone as he attempts to crush and remold his musical recruits (and his band literally are recruited, watch the film, you'll see what I mean). The script is witty and caustic and the film's depictions of extreme devotion to craft will make you wince and squirm but if you have the stomach to keep watching, you will witness a brilliant character study in which the power struggle between mentor and mentee becomes unexpectedly much less than one-sided. The film's brilliance, aside from some dazzling close-up camera-work and brilliant acting, is that it does not moralise or take sides, it shows us something profound, something rare, something utterly compelling: two human beings' capacity for self-sacrifice and discipline in the pursuit of an ideal. And just when you think its characters can't go any further, they reveal that they're only just getting started.

Rating: 10/10, a truly mesmerising cinematic treat.",1748,https://www.imdb.com/title/tt2582802/reviews/
Whiplash,71,,"Andrew Neiman is an ambitious drummer who doesn't just want to be great, but to be one of ""the greats."" Despite being only a first-year student at Shaffer Conservatory in New York City--perceived by many to be the very best music school in the country--Andrew is recruited to join the upper level studio band, but to prove himself he's going to have to survive a tenacious battle of wits with Terence Fletcher, a renowned but unrelenting conductor who uses draconian methods to bring out the very best in his students. This intense, exhilarating drama from director Damien Chazelle pulls you in right from the start and never lets up with vigorous acting as well as top-grade musical numbers on its way to a smashing climax. Teller is compelling as the youthful student pushed to his very limits, meanwhile Simmons (who looks like he'd be right at home in Stanley Kubrick's Full Metal Jacket) gives a brutal and uncompromising performance as his relentless ""mentor."" This is a powerful and provocative film about dedication, ambition, and obsession. ***½",1054,https://www.imdb.com/title/tt2582802/reviews/
Whiplash,72,,"I have always heard good things about this movie, and recently I decided to watch it. All I can say is it live up to the hype. The movie had been glued watching wondering what will happen next. The movie is also so inspiring. After watching, I felt like I could defeat prime Jon Jones. It's a simple but well done plot. The way all the plot elements blend and flow together is incredible. The acting is also on another level. Miles Teller and the actor who plays the music conductor do a fantastic job go display the emotion they were meant to display throughout the movie. In life there will be movies that you will always remember and this is definitely one.",660,https://www.imdb.com/title/tt2582802/reviews/
Whiplash,73,,"There are just few films as inspiring as Damien Chazelle's incredible Whiplash. It is, I truly believe, a unique blend of sacrifices in one's life and pursuit towards greatness. Directed in 2014, Whiplash is a dramatic story combining hope, anger and outburst of deeply-withheld emotions that create unforgettable viewing experience.

The evens unfold in New York's prestigious Shaffer Conservatory - a dream school for all those young and aspiring musicians who wish to achieve greatness in their musical careers. When Milles Teller starring as Andrew, one of such students, practices his drum skills, he is observed by Fletcher (J. K. Simmons) - a firm instructor who leads his own jazz band. Andrew knows that the instructor is on a hunt, seeking musicians with enormous potential. Considering ""good job"" as two English words that should never be uttered, Fletcher is a quite controversial character to say the least. Andrew and Fletcher really quickly develop a surprisingly toxic relationship which leads to many personal tragedies.

I was most impressed by the screenplay and editing both by Chazelle. Watching and listening to Whiplash for the first time is truly amazing. No other musical film in my life has ever made such a huge impression on me, combining the dynamicity of jazz and human emotions. There are several scene which I find particularly well-crafted and recommend everyone to see.

In conclusion, till now, Whiplash remains Chazelle's opum magnum. No other film he has produced so far was such a perfect combination of two natural and yet tameless forces - music and ambition. Even love, which appears in the film for a brief moment, does not play such a key roles as those two crucial elements.",1718,https://www.imdb.com/title/tt2582802/reviews/
Whiplash,74,,"For all of its widespread critical acclaim and multiple award nominations and wins, I found Damien Chazelle's 'Whiplash' to be a rather thin and clichéd regurgitation of the tired ""Driven artist, intense student/mentor relationship"" trope with absolutely nothing fresh to say or offer up.

I believe its reputation is primarily built upon the strong performances of its two leads, Miles Teller and J.K. Simmons. Though both characters are paper thin, each actor absolutely inhabits them in a way that adds a dimension that isn't on the page. Their impressive performances only make me wish that much more that the material were up to their level.",646,https://www.imdb.com/title/tt2582802/reviews/
Whiplash,75,,"Damien Chazelle's directorial debut about a young, talented jazz drummer (Miles Teller) at the fictional Shaffer Conservatory in New York City and his clashes with the school's star conductor and talent scout Terence Fletcher (J. K. Simmons) is a story of the axis between authoritarian rule and fear culture on the one hand and great talent and musical prowess on the other. Still, the film's greatest merit isn't as an homage to music, but rather as a visual masterpiece and an uncompromising delve into the psychological aspects of this story. Chazelle brings his own rhythm and timing to this one, freely ignoring Terence Fletcher's ""time"" at his peril.",657,https://www.imdb.com/title/tt2582802/reviews/
Whiplash,76,,"Whiplash is a tightly constructed drama that explores the dark side of ambition with precision and intensity. Damien Chazelle's direction keeps the focus narrow but impactful, building relentless tension without ever feeling overstated. The film moves at a brisk pace, driven by sharp editing and a commanding use of sound.

Miles Teller delivers a strong, understated performance as Andrew, a young drummer pushed to his limits, but J. K. Simmons is the standout here. His portrayal of Terence Fletcher is controlled and terrifying, striking the perfect balance between mentor and manipulator.

Technically, the film is impressive-the editing is crisp, especially in the performance sequences, and the sound design captures every nuance of the music without overwhelming the drama. It's as much a psychological battle as it is a story about music.

The final sequence is a masterstroke-ambiguous, intense, and leaving just the right amount of discomfort. All in all, a masterpiece.",982,https://www.imdb.com/title/tt2582802/reviews/
Whiplash,77,9.0,"I wish I watched Whiplash sooner. The acting, especially by J.K.Simmons, is incredible and really brings the movie together. The camerawork is great, this is what movies should look and feel like, the unique angles and lighting look attractive and make the movie more enjoyable without even noticing. The writing is good, not great but is suitable for this movie, everything slots perfectly into place and flows very nicely with plenty of twists. My only negative about this is the ending, it wasn't a bad ending at all I just wish I got to see more of it, I wanted to see what happened...but it does make it different from other movies that would continue and feel very cliché. 9/10 great movie, you don't even have to like jazz music to enjoy this movie!",756,https://www.imdb.com/title/tt2582802/reviews/
Whiplash,78,,""" There are no two words in the English language more harmful than good job.""

Without a doubt, Whiplash is one of the best films of the last decade. It not only manages to capture a wide range of audience, but also to keep them glued to the screen for about an hour and a half. From the first few seconds of the film, you can actually already feel part of the story. Those seconds with the full black screen and the sound of the drums in the backcround are truly unique and I found them to be mesmerizing. Chazelle couldn't have found a better opening sequence, I believe. This is not really a story about success, but a story about a young man trying to pursue his dreams while facing tons of obstacles and I think that each and every single one of us could easily identify in this story, as we all try to reach our goals one way or another. Miles Teller portrays the young drummer Andrew Neiman, who is 19 years old and who just started to study at one of the top universities in the country. Teller is amazing in this film, as he successfully communicated the many emotions his character had to go through in this picture. You could actually feel the pain and the exhaustion while he was playing the drums. Then, there is absolutely no one else who could have portrayed Fletcher better than the great J.K Simmons. He took everything to the next level. Every single scene he was in was truly flawless and so magnificent. Everything about him in this particular film was nothing but perfect, from his voice, style and language to his way of approaching things. He absolutely mastered this role and this is why it is one of the best supprting performances I've ever seen and I dare to say that it might be one of the best supporting performance there ever was. Damien Chazelle has proved once more that he is not only gifted and talented, but also very skilled. Each scene in this picture was so well directed and shot. He put so much passion in this film(as he does with everything) that it made the audience fall in love with Whiplash. His perspective of seeing things and storytelling is simply exquisite. The cinematography in this film was absolutely beautiful and it made everything so much better. The colors told the story on their own and they played a big part in this film. Then, the score was nothing but perfect. It was ""the right tempo"". The film would have been so different without this score and this makes me realize how big of an impact the soundtrack had on me. I highly recommend this film, as it is one of the greatest pictures of the last century. It is filled with amazing performances, unique direction and storytelling and it will make you feel so many emotions at once. You will feel exhausted, overwhelmed, excited, depressed, pleased at the end of the picture and this is one of the reasons this film is so great. It takes you through everything you wanna feel while watching a film. It will satisfy all your needs as a cinephile and not only. You don't have to ""know"" or ""understand"" music/jazz to be a fan of it. That's why this is a film for everybody, so go and watch it!!",3106,https://www.imdb.com/title/tt2582802/reviews/
Whiplash,79,,"Or may I say a musical drama, which is not genuinely my stuff at all. But here, I was literally smashed, wiped out because of the power of this story. An express train lauched at full speed in my groin, my spirit, my mind, my soul. JK Simmons absolutely outstanding, in a very ambivalent role. For me this true masterpiece is the real heir of another musical drama called AMADEUS, from director Milos Forman, released thirty years ago. WHIPLASH is a stunning film that may shock and blast you, beware. An unforgettable movie, that any audience will appreciate, even those who don't particularely like music.",607,https://www.imdb.com/title/tt2582802/reviews/
Whiplash,80,,"If you don't like Jazz, then this is not for you. As there is loads of Jazz in this and I am not a fan.

J.K. Simmons as Fletcher is brilliant as the half man obsessive tyrant and Miles Teller as the lead character matches him in being equally as obsessive in pushing himself to the very limits in a win at all costs mentality to succeed at his chosen profession.

I have no idea how true to life this would be in the modern age but maybe in the 60s and before.But the way they treat the students here would make Sociologists have a nightmare in the management of human behaviour performance.

The film plot scope is quite light as at the end I thought there wasn't much of a story, and not an original story either so you need to love Jazz. I am not sure if people could be this obsessive over Jazz.

Main plus in the film (if you don't like Jazz) is the performance of the two leads.",885,https://www.imdb.com/title/tt2582802/reviews/
Whiplash,81,,"This did not hit the mark at all. Not only boring, but just didn't flow J.k Simmons nailed his part, but wasn't enough to save the movie Why this is rated so high is beyond me.

For a movie about music, the score sucks and there's zero intensity in the parts where it's needed the most Anyone could've played Andrew Neiman better than Miles Teller, it was like watching Kirsten Stewart play a drummer.",401,https://www.imdb.com/title/tt2582802/reviews/
Whiplash,82,,Amazing film and performance. The film gave me goosebumps.,58,https://www.imdb.com/title/tt2582802/reviews/
Whiplash,83,,"I wasn't expecting much from this movie, but was greatly surprised. A boy wanting to be great and the lengths he will embark on to become great are heart gripping. The movie was full of tension that left me with my heart pounding most of the time. Hearing the instrumental music brought me back to my old band days, the music was beautiful to listen to. The acting, screenplay, filming and lines were a true performance that strikes home in delivering the message this movie portrays.

Whiplash is based on a true story, but it is for a certain kind of audience. There may not be any explosions, or in-depth romance or heart warming moments that leave you with a good feeling. But it does bring out a powerful message that to be great, you need to push yourself beyond what you think is possible.",796,https://www.imdb.com/title/tt2582802/reviews/
Whiplash,84,,"Whew!! I was absolutely sweating watching this movie for two reasons: Sympathy sweating from the physical exertion of the drumming, and from the white hot-tension pulsing through the film. It was undeniably electric.

Miles Teller and J K Simmons are magic in this film. These are masterpiece performances. I have never loathed someone the way I loathed Fletcher; never been so acutely aware of the transformation of a character like I was with Andrew. They were just outstanding.

The music, the emotion, the aesthetic of Whiplash were all phenomenal. I only wish the ending had been 5 minutes longer to hear a final conversation between Fletcher and Andrew. I can appreciate the ending being up to interpretation, but after all that went on, I needed some more closure, one way or another.

Can't believe I've never seen this movie until now, but so glad I finally have!",872,https://www.imdb.com/title/tt2582802/reviews/
Whiplash,85,,"This movie is a true masterpiece, captivating you from the very start and steadily building in intensity. The jazz is phenomenal, and the drumming is exceptional, showcasing a level of musical artistry that is rarely seen on screen. The storyline is compelling, with well-developed characters and a plot that keeps you engaged throughout. The film seamlessly blends music and drama, creating an unforgettable experience that resonates on multiple levels. Each scene is crafted with precision, making it a solid work of art in every aspect. If you're a fan of great cinema, this movie is definitely worth checking out. Don't miss out on the opportunity to witness this artistic triumph!",685,https://www.imdb.com/title/tt2582802/reviews/
Whiplash,86,,"This 2014 masterpiece by writer and director Damien Chazelle is absolutely extraordinary.

Playing Andrew we have the amazing Miles Teller, Miles really portrays Andrew in an astonishingly accurate way! He plays the character brilliantly down to the little face twitches he makes as Andrew, from the struggling drumming tempo to the tear down the cheek, everything beautifully clicks right into place with Miles's part as Andrew.

Playing Fletcher we have the astonishing J. K. Simmons! Simmons does an absolutely breathtaking performance of Fletcher. From the heartwarming moments to the hardcore teaching methods, everything is smoothly and accurately portrayed by J. K. Simmons himself.",689,https://www.imdb.com/title/tt2582802/reviews/
Whiplash,87,,I love miles teller and J. K. simmons acting in this film. And i know why he won the best supporting actor Award. And i don't really know anything about Instruments or stuff like that but i love how miles teller plays the drums. Great performance for miles teller and J. K. simmons. I highly recommend watching this film!,321,https://www.imdb.com/title/tt2582802/reviews/
Whiplash,88,,"There's only one thing worse than a ludicrous, shallow, artificial movie, and that's a ludicrous, shallow, artificial movie that everybody seems to adore.

Whiplash wants to be about the love of great art, but is actually about the hate of great art. It has JK Simmons - a brilliant actor - playing a disgraceful character, stitched together from completely unrealistic, inconsistent motivations and actions, only conceived to bludgeon the viewer into thinking we're watching something profound. It casually tosses in assault, depression and suicide in a way that only a clueless, opportunistic director could. It has a big finale that would be powerful if only it made some sense for the main characters involved - it doesn't.

Even worse, the finale leaves us with this unmistakable message: sadistic leadership is the way to greatness. Don't take your kids to see this.",872,https://www.imdb.com/title/tt2582802/reviews/
Whiplash,89,,"Whiplash is a gripping and intense drama that dives deep into the pursuit of excellence and the sacrifices it demands. With stunning performances, sharp direction, and electrifying music, it keeps you on edge from start to finish. The film explores themes of ambition, discipline, and the fine line between pushing limits and going too far. Visually striking and emotionally powerful, it's a must-watch for anyone who loves character-driven stories with a psychological edge. Bold, fast-paced, and unforgettable Whiplash hits every note with precision. The direction is tight and focused, with powerful cinematography that draws you into the protagonist's obsessive world. It's not just about music it's about identity, drive, and how far someone will go to be remembered. With every beat, it challenges your emotions and leaves a lasting impression. Bold, brutal, and brilliant.",879,https://www.imdb.com/title/tt2582802/reviews/
Whiplash,90,10.0,"Some friends of mine told me that this film is no good. They are musicians. They tries to explain to me why this film is stupid and I simply ignored them because it's soooooo good. I don't know about music but I know that I was captivated by performances, story and resolution. 10/10",283,https://www.imdb.com/title/tt2582802/reviews/
Whiplash,91,,The only movie as a grown-up :) that literally had me on the edge of my seat. I was enthralled from start to finish. Fantastic!,127,https://www.imdb.com/title/tt2582802/reviews/
Whiplash,92,,"I cannot believe I have made it so long without watching the absolute masterpiece. It's one-if not the only-movie that has made me feel satisfied after the credits rolled. It's also the only movie that I have ever felt the need to write a review for, and the reason I made an IMDb account.

Between the complex relationships and the breathtaking cinematography, this movie has been cemented as one of the greats. Simply just paying attention to the lighting enhanced the stortelling within the movie (as a theatre kid who does a lot of lighting, it's one of the main things I pay attention to in movies).

I don't know wether to be resentful of the fact I hadn't watched it until now, or greatful that I watched it when I could truly appreciate it.",748,https://www.imdb.com/title/tt2582802/reviews/
Whiplash,93,,"I had been waiting for this movie for long time, as I am a drummer of sorts myself, I like music, I like drumming films, and this one seemed to be a great achievement. After all, there are all those raving reviews and blazing cheers made to this spectacular piece of cinematography. Well, yes, I have watched it, and what I can say? It is very over-rated. Yes, both Simmons and Teller seem to give very impressive performances, and yes, Teller is A Good drummer with neat stroke, precise beat, gentle swing and delicate accents. But then, he does not convince as an actor. The love story is the biggest disappointment and the greatest weakness of the film. It simply passes by. leaving me cold and unaffected. Was that dubious drumming achievement worth losing a beautiful girl? It was not. Simmons is surely the crowning top of the production, but then, he is too sadistic, too dry, too pedantic or a jazz aficionado, he seems more like a drill sergeant than a genial conductor. The final solo? To long and too drawn out for a satisfying coda. Kinda cool, but tiresome and yup, dragging. It is a film for a single watch and quick oblivion.",1140,https://www.imdb.com/title/tt2582802/reviews/
Whiplash,94,,"""Whiplash"" is first of all a movie about what you are willing to sacrifice in order to be the next big musical sensation. Professor Fletcher is a music director in one of the best conservatories of the USA and he always pushes his students beyond their limits, because he is seeking for the next big talent and he sees a lot of potential in Andrew. This young 19 years old guy squeezes himself to the point where becoming the most talented drummer becomes his only obsession. He will throw away everything else. The film is very intense and scenes that could be dull and boring are so interesting thanks to the incredible fast-paced editing, with quick cuts and camera movements. The music is always synchronized with the images, creating an amazing harmony. The dialogues are so intense: Miles Teller and J. K. Simmons were in perfect symbiosis and they pulled out an incredible performance. There is such a harsh and bitter development regarding the student-teacher relationship. The audience can hardly catch a breath and I think that in this case it is a positive element, because it highlights the intensity of the musical performances and all the hardship that the musicians need to endure during classes. However, at times the character of Fletcher was too much, I would prefer that in some sequences he was toned down just a bit. As a music lover I genuinely appreciated this Damien Chazelle work. He is clearly very talented when it comes to movies that have to do with music: ""La La Land"" is one of my favorite musicals of all time. The sound design is well done and this production deserves every single prize that it won. For me this is an 8 stars out of 10, and I definitely recommend it.",1701,https://www.imdb.com/title/tt2582802/reviews/
Whiplash,95,,"It is often taught that a screenwriter can do anything in the first five minutes of the script and the audience will go with it. Unfortunately, the same does not hold for the first 30 minutes of the film. This film really stretched the believability quotient for me. It was over-the-top absurd at times and I didn't ""buy"" much of the action. The music school was preposterous, people simply wouldn't let this behavior fly in this century. Miles Teller was quite good as the student, but I felt JK Simmons was miscast. Not because he is not a good actor, but because his TV persona is so memorable and opposite, that I just couldn't believe him in this role, unfortunately. The role was just ridiculous at times, so it's not just the actor. I'm happy to say that the film does get better in the second half, but not enough that I would recommend it.",848,https://www.imdb.com/title/tt2582802/reviews/
Whiplash,96,10.0,"Astonishing film, even without an interest in jazz or drumming I found this film totally captivating. Actors are amazing and I don't hesitate to give this 10/10

Logged on and set up an account so I could give this review",221,https://www.imdb.com/title/tt2582802/reviews/
Whiplash,97,,"Chazelle delicately directs the film to have that sense of crisp and sound – one that's quite hard to find nowadays. He magically transforms violent and abusive scenes into something extremely watchable without dismissing pity. There is never a camera angle that is out of place, no wasted detail in its frames. This is one film that can teach LES MISERABLES (2012) Director, Tom Hooper, how to effectively use extreme close ups, without having to waste pure emotions and sheer talent.

WHIPLASH presents a decent, yet violent argument that exalts the student and polarizes the discipline. This is a story where the teacher simply becomes the tool to the artist's journey to becoming what he really is. Or may be not. At some point, the teacher becomes a separate entity in the learning experience. At some point, the teacher has ambitions of his own, far detached from what his own learners think and dream. At some point, the teacher finds his learners as his competitors in the race to greatness.

It's an absurd tragedy, though still arguably triumphant on its own.

What WHIPLASH argues is that beyond learning lies a greater and more painful path to ambition, and to get there, one does not need anyone but himself. It is a story that challenges the collaborative norm in education. It is an anti-social thesis on refinement and discipline, yet it is still something worth looking into. It does not give you that moral lesson that you are waiting for. Amidst the loud, energetic sounds of Andrew's sweaty, bloody, jazz drum set, it whispers to you that the road to glory is made of brimstones from hell.",1609,https://www.imdb.com/title/tt2582802/reviews/
Whiplash,98,,"How did such a simple movie turn into a perfect movie?

The plot of this movie is very simple, but the movie is excellent.

It was one of my favorite movies.

The acting is very good J. K Simmons, what did you do? What kind of acting is this?",242,https://www.imdb.com/title/tt2582802/reviews/
Whiplash,99,,"Lovely film, great vide to it, drama, and character. Brilliant directing. All round amazing performances JK Simmons is a master.",128,https://www.imdb.com/title/tt2582802/reviews/
Whiplash,100,,"3 Oscars is even too little for it ;)

congrats for J.K. Simmons for Best Performance by an Actor in a Supporting Role. He and Miles Teller did one hell of job ,, amazing acting .. captivating ,, an amazing plot with unexpected turn of events !! i don't know if you guys ever watched him in Whiplash in the year 2013 but here he elevated with his role so high.

The Sound Mixing and the soundtrack are genius and electrifying,, i'v never really cared so much for Jazz but the songs in the movie is so magnetizing and engaging.

The story itself is sensational, really makes you think about yourself .. your dreams .. ;)

I really loved it ,, and it was deserved Oscars wins :)",676,https://www.imdb.com/title/tt2582802/reviews/
